Source_Filament	Target_Filament	Tuned	Tuned_Volume	Base Volume
Eryone Silk (RPG)	Esun Baby Pink			563
Eryone Silk (RPG)	Esun Beige			614
Eryone Silk (RPG)	Esun Black			186
Eryone Silk (RPG)	Esun Blue			295
Eryone Silk (RPG)	Esun Bone White			582
Eryone Silk (RPG)	Esun Brown			318
Eryone Silk (RPG)	Esun Cold White			661
Eryone Silk (RPG)	Esun Dark Blue			224
Eryone Silk (RPG)	Esun Fire Engine Red			231
Eryone Silk (RPG)	Esun Gold			562
Eryone Silk (RPG)	Esun Gray			368
Eryone Silk (RPG)	Esun Haze Blue			474
Eryone Silk (RPG)	Esun Jade Green			540
Eryone Silk (RPG)	Esun Light Blue			588
Eryone Silk (RPG)	Esun Light Brown			408
Eryone Silk (RPG)	Esun Magenta			167
Eryone Silk (RPG)	Esun Matcha Green			650
Eryone Silk (RPG)	Esun Olive Green			423
Eryone Silk (RPG)	Esun Orange			514
Eryone Silk (RPG)	Esun Peak Green			620
Eryone Silk (RPG)	Esun Pine Green			240
Eryone Silk (RPG)	Esun Green			227
Eryone Silk (RPG)	Esun Pink			459
Eryone Silk (RPG)	Esun Purple			233
Eryone Silk (RPG)	Esun Red			247
Eryone Silk (RPG)	Esun Silver			486
Eryone Silk (RPG)	Esun Space Blue			604
Eryone Silk (RPG)	Esun Very Perri			472
Eryone Silk (RPG)	Esun Warm White			647
Eryone Silk (RPG)	Esun Yellow			666
Eryone Silk (RPG)	Voxel Ziro Brown			494
Eryone Silk (RPG)	Sunlu Gray			484
Eryone Silk (RPG)	Sunlu Mint Green			515
Eryone Silk (RPG)	Sunlu Silk (Blue)			464
Eryone Silk (RPG)	Sunlu Silk (Bronze)			472
Eryone Silk (RPG)	Sunlu Silk (Silver)			488
Eryone Silk (RPG)	Sunlu Silk (Light Gold)			673
Eryone Silk (RPG)	Sunlu Silk (Pink)			457
Eryone Silk (RPG)	Sunlu Silk (Purple)			452
Eryone Silk (RPG)	Sunlu Silk (Red Copper)			373
Eryone Silk (RPG)	Sunlu Silk (Red)			237
Eryone Silk (RPG)	Sunlu Silk (Black)			197
Eryone Silk (RPG)	Sunlu Silk (Orange)			361
Eryone Silk (RPG)	Sunlu Silk (White)			645
Eryone Silk (RPG)	Eryone Silk (RYB)			298
Eryone Silk (RPG)	Voxel Silk (Sky Blue)			490
Eryone Silk (RYB)	Esun Baby Pink			616
Eryone Silk (RYB)	Esun Beige			677
Eryone Silk (RYB)	Esun Black			197
Eryone Silk (RYB)	Esun Blue			218
Eryone Silk (RYB)	Esun Bone White			627
Eryone Silk (RYB)	Esun Brown			393
Eryone Silk (RYB)	Esun Cold White			681
Eryone Silk (RYB)	Esun Dark Blue			235
Eryone Silk (RYB)	Esun Fire Engine Red			279
Eryone Silk (RYB)	Esun Gold			593
Eryone Silk (RYB)	Esun Gray			394
Eryone Silk (RYB)	Esun Haze Blue			459
Eryone Silk (RYB)	Esun Jade Green			546
Eryone Silk (RYB)	Esun Light Blue			580
Eryone Silk (RYB)	Esun Light Brown			494
Eryone Silk (RYB)	Esun Magenta			338
Eryone Silk (RYB)	Esun Matcha Green			661
Eryone Silk (RYB)	Esun Olive Green			471
Eryone Silk (RYB)	Esun Orange			553
Eryone Silk (RYB)	Esun Peak Green			625
Eryone Silk (RYB)	Esun Pine Green			251
Eryone Silk (RYB)	Esun Green			239
Eryone Silk (RYB)	Esun Pink			489
Eryone Silk (RYB)	Esun Purple			200
Eryone Silk (RYB)	Esun Red			385
Eryone Silk (RYB)	Esun Silver			509
Eryone Silk (RYB)	Esun Space Blue			586
Eryone Silk (RYB)	Esun Very Perri			405
Eryone Silk (RYB)	Esun Warm White			671
Eryone Silk (RYB)	Esun Yellow			672
Eryone Silk (RYB)	Voxel Ziro Brown			577
Eryone Silk (RYB)	Sunlu Gray			507
Eryone Silk (RYB)	Sunlu Mint Green			521
Eryone Silk (RYB)	Sunlu Silk (Blue)			425
Eryone Silk (RYB)	Sunlu Silk (Bronze)			506
Eryone Silk (RYB)	Sunlu Silk (Silver)			511
Eryone Silk (RYB)	Sunlu Silk (Light Gold)			687
Eryone Silk (RYB)	Sunlu Silk (Pink)			488
Eryone Silk (RYB)	Sunlu Silk (Purple)			451
Eryone Silk (RYB)	Sunlu Silk (Red Copper)			483
Eryone Silk (RYB)	Sunlu Silk (Red)			329
Eryone Silk (RYB)	Sunlu Silk (Black)			209
Eryone Silk (RYB)	Sunlu Silk (Orange)			471
Eryone Silk (RYB)	Sunlu Silk (White)			665
Eryone Silk (RYB)	Eryone Silk (RPG)			311
Eryone Silk (RYB)	Voxel Silk (Sky Blue)			464
Esun Baby Pink	Esun Beige	TRUE	140	209
Esun Baby Pink	Esun Black	TRUE	120	210
Esun Baby Pink	Esun Blue	TRUE	120	324
Esun Baby Pink	Esun Bone White	TRUE	130	167
Esun Baby Pink	Esun Brown	TRUE	130	173
Esun Baby Pink	Esun Cold White	TRUE	130	288
Esun Baby Pink	Esun Dark Blue			244
Esun Baby Pink	Esun Fire Engine Red			228
Esun Baby Pink	Esun Gold			269
Esun Baby Pink	Esun Gray			182
Esun Baby Pink	Esun Haze Blue			214
Esun Baby Pink	Esun Jade Green			324
Esun Baby Pink	Esun Light Blue			339
Esun Baby Pink	Esun Light Brown			218
Esun Baby Pink	Esun Magenta			254
Esun Baby Pink	Esun Matcha Green			236
Esun Baby Pink	Esun Olive Green			211
Esun Baby Pink	Esun Orange			310
Esun Baby Pink	Esun Peak Green	TRUE	140	314
Esun Baby Pink	Esun Pine Green	TRUE	130	257
Esun Baby Pink	Esun Green	TRUE	145	252
Esun Baby Pink	Esun Pink			204
Esun Baby Pink	Esun Purple			265
Esun Baby Pink	Esun Red			311
Esun Baby Pink	Esun Silver			169
Esun Baby Pink	Esun Space Blue			334
Esun Baby Pink	Esun Very Perri			260
Esun Baby Pink	Esun Warm White			263
Esun Baby Pink	Esun Yellow			320
Esun Baby Pink	Voxel Ziro Brown			192
Esun Baby Pink	Sunlu Gray			169
Esun Baby Pink	Sunlu Mint Green			312
Esun Baby Pink	Sunlu Silk (Blue)			314
Esun Baby Pink	Sunlu Silk (Bronze)			190
Esun Baby Pink	Sunlu Silk (Silver)			169
Esun Baby Pink	Sunlu Silk (Light Gold)			303
Esun Baby Pink	Sunlu Silk (Pink)			204
Esun Baby Pink	Sunlu Silk (Purple)			209
Esun Baby Pink	Sunlu Silk (Red Copper)			196
Esun Baby Pink	Sunlu Silk (Red)			300
Esun Baby Pink	Sunlu Silk (Black)			202
Esun Baby Pink	Sunlu Silk (Orange)			272
Esun Baby Pink	Sunlu Silk (White)			261
Esun Baby Pink	Eryone Silk (RYB)			346
Esun Baby Pink	Eryone Silk (RPG)			282
Esun Baby Pink	Voxel Silk (Sky Blue)			255
Esun Beige	Esun Jade Green	TRUE	100	326
Esun Beige	Esun Peak Green	TRUE	100	270
Esun Beige	Esun Brown	TRUE	110	167
Esun Beige	Esun Cold White	TRUE	110	266
Esun Beige	Esun Fire Engine Red	TRUE	110	239
Esun Beige	Esun Gold	TRUE	110	228
Esun Beige	Esun Haze Blue	TRUE	110	237
Esun Beige	Esun Light Blue	TRUE	110	340
Esun Beige	Esun Matcha Green	TRUE	120	189
Esun Beige	Esun Purple	TRUE	120	310
Esun Beige	Esun Space Blue	TRUE	130	343
Esun Beige	Esun Yellow	TRUE	140	259
Esun Beige	Esun Baby Pink	TRUE	140	167
Esun Beige	Esun Black	TRUE	150	227
Esun Beige	Esun Blue	TRUE	130	335
Esun Beige	Esun Bone White	TRUE	120	167
Esun Beige	Esun Dark Blue	TRUE	145	268
Esun Beige	Esun Gray	TRUE	130	200
Esun Beige	Esun Light Brown	TRUE	115	189
Esun Beige	Esun Magenta			286
Esun Beige	Esun Olive Green	TRUE	130	180
Esun Beige	Esun Orange			283
Esun Beige	Esun Pine Green	TRUE	120	235
Esun Beige	Esun Green			256
Esun Beige	Esun Pink	TRUE	120	257
Esun Beige	Esun Red	TRUE	110	317
Esun Beige	Esun Silver	TRUE	110	188
Esun Beige	Esun Very Perri	TRUE	120	301
Esun Beige	Esun Warm White	TRUE	150	236
Esun Beige	Voxel Ziro Brown	TRUE	125	167
Esun Beige	Sunlu Gray			188
Esun Beige	Sunlu Mint Green			314
Esun Beige	Sunlu Silk (Blue)			316
Esun Beige	Sunlu Silk (Bronze)			178
Esun Beige	Sunlu Silk (Silver)			187
Esun Beige	Sunlu Silk (Light Gold)			214
Esun Beige	Sunlu Silk (Pink)			257
Esun Beige	Sunlu Silk (Purple)			261
Esun Beige	Sunlu Silk (Red Copper)			182
Esun Beige	Sunlu Silk (Red)			308
Esun Beige	Sunlu Silk (Black)			219
Esun Beige	Sunlu Silk (Orange)			264
Esun Beige	Sunlu Silk (White)			237
Esun Beige	Eryone Silk (RYB)			363
Esun Beige	Eryone Silk (RPG)			324
Esun Beige	Voxel Silk (Sky Blue)			263
Esun Black	Esun Gray	TRUE	235	401
Esun Black	Esun Jade Green	TRUE	185	608
Esun Black	Esun Fire Engine Red	TRUE	185	370
Esun Black	Esun Olive Green	TRUE	190	456
Esun Black	Esun Dark Blue	TRUE	150	224
Esun Black	Esun Pine Green	TRUE	200	400
Esun Black	Esun Very Perri	TRUE	220	547
Esun Black	Esun Purple	TRUE	155	393
Esun Black	Esun Bone White	TRUE	325	611
Esun Black	Esun Peak Green	TRUE	365	680
Esun Black	Esun Brown	TRUE	250	404
Esun Black	Esun Pink	TRUE	360	613
Esun Black	Sunlu Gray	TRUE	270	504
Esun Black	Esun Haze Blue	TRUE	275	502
Esun Black	Esun Light Brown	TRUE	255	518
Esun Black	Esun Light Blue	TRUE	200	651
Esun Black	Esun Yellow	TRUE	485	557
Esun Black	Voxel Ziro Brown	TRUE	205	581
Esun Black	Esun Matcha Green	TRUE	210	669
Esun Black	Esun Orange	TRUE	350	649
Esun Black	Sunlu Mint Green	TRUE	210	569
Esun Black	Esun Magenta	TRUE	220	467
Esun Black	Esun Silver	TRUE	230	505
Esun Black	Esun Gold	TRUE	240	647
Esun Black	Esun Cold White	TRUE	335	667
Esun Black	Esun Red	TRUE	305	515
Esun Black	Esun Baby Pink	TRUE	300	633
Esun Black	Esun Beige	TRUE	310	662
Esun Black	Esun Blue	TRUE	255	379
Esun Black	Esun Green	TRUE	150	365
Esun Black	Esun Space Blue	TRUE	270	657
Esun Black	Esun Warm White		320	656
Esun Black	Sunlu Silk (Blue)			522
Esun Black	Sunlu Silk (Bronze)			493
Esun Black	Sunlu Silk (Silver)			507
Esun Black	Sunlu Silk (Light Gold)			557
Esun Black	Sunlu Silk (Pink)			611
Esun Black	Sunlu Silk (Purple)			578
Esun Black	Sunlu Silk (Red Copper)			497
Esun Black	Sunlu Silk (Red)			498
Esun Black	Sunlu Silk (Black)			232
Esun Black	Sunlu Silk (Orange)			547
Esun Black	Sunlu Silk (White)			651
Esun Black	Eryone Silk (RYB)			500
Esun Black	Eryone Silk (RPG)			489
Esun Black	Voxel Silk (Sky Blue)			498
Esun Blue	Esun Dark Blue	TRUE	100	211
Esun Blue	Esun Light Brown	TRUE	250	562
Esun Blue	Esun Haze Blue	TRUE	125	472
Esun Blue	Esun Red	TRUE	310	474
Esun Blue	Esun Light Blue	TRUE	175	559
Esun Blue	Esun Fire Engine Red	TRUE	190	383
Esun Blue	Esun Cold White	TRUE	700	698
Esun Blue	Esun Matcha Green	TRUE	200	717
Esun Blue	Esun Gold	TRUE	230	654
Esun Blue	Esun Bone White	TRUE	260	649
Esun Blue	Esun Baby Pink	TRUE	300	654
Esun Blue	Esun Beige	TRUE	240	703
Esun Blue	Esun Black	TRUE	150	172
Esun Blue	Esun Brown	TRUE	220	438
Esun Blue	Esun Gray	TRUE	220	424
Esun Blue	Esun Jade Green			557
Esun Blue	Esun Magenta		295	453
Esun Blue	Esun Olive Green			495
Esun Blue	Esun Orange		350	617
Esun Blue	Esun Peak Green	TRUE	305	685
Esun Blue	Esun Pine Green			419
Esun Blue	Esun Green			342
Esun Blue	Esun Pink	TRUE	320	563
Esun Blue	Esun Purple			272
Esun Blue	Esun Silver			532
Esun Blue	Esun Space Blue			567
Esun Blue	Esun Very Perri			425
Esun Blue	Esun Warm White			689
Esun Blue	Esun Yellow	TRUE	370	729
Esun Blue	Voxel Ziro Brown	TRUE	325	625
Esun Blue	Sunlu Gray			531
Esun Blue	Sunlu Mint Green			506
Esun Blue	Sunlu Silk (Blue)			412
Esun Blue	Sunlu Silk (Bronze)			524
Esun Blue	Sunlu Silk (Silver)			534
Esun Blue	Sunlu Silk (Light Gold)			743
Esun Blue	Sunlu Silk (Pink)			562
Esun Blue	Sunlu Silk (Purple)			514
Esun Blue	Sunlu Silk (Red Copper)			534
Esun Blue	Sunlu Silk (Red)			467
Esun Blue	Sunlu Silk (Black)			185
Esun Blue	Sunlu Silk (Orange)			542
Esun Blue	Sunlu Silk (White)			682
Esun Blue	Eryone Silk (RYB)			320
Esun Blue	Eryone Silk (RPG)			444
Esun Blue	Voxel Silk (Sky Blue)			462
Esun Bone White	Esun Fire Engine Red	TRUE	90	254
Esun Bone White	Esun Jade Green	TRUE	110	311
Esun Bone White	Esun Black	TRUE	95	199
Esun Bone White	Esun Orange	TRUE	110	309
Esun Bone White	Esun Haze Blue	TRUE	115	205
Esun Bone White	Esun Light Brown	TRUE	115	212
Esun Bone White	Esun Peak Green	TRUE	135	266
Esun Bone White	Esun Warm White	TRUE	115	279
Esun Bone White	Esun Blue	TRUE	120	320
Esun Bone White	Esun Gold	TRUE	120	251
Esun Bone White	Esun Red	TRUE	120	337
Esun Bone White	Esun Gray	TRUE	130	170
Esun Bone White	Esun Light Blue	TRUE	130	325
Esun Bone White	Esun Olive Green	TRUE	130	167
Esun Bone White	Esun Very Perri	TRUE	130	272
Esun Bone White	Esun Baby Pink	TRUE	130	197
Esun Bone White	Esun Beige	TRUE	120	224
Esun Bone White	Esun Brown	TRUE	120	167
Esun Bone White	Esun Cold White	TRUE	130	305
Esun Bone White	Esun Dark Blue	TRUE	120	247
Esun Bone White	Esun Magenta		110	294
Esun Bone White	Esun Matcha Green		110	219
Esun Bone White	Esun Pine Green	TRUE	110	212
Esun Bone White	Esun Green	TRUE	125	223
Esun Bone White	Esun Pink	TRUE	110	246
Esun Bone White	Esun Purple	TRUE	110	294
Esun Bone White	Esun Silver	TRUE	120	167
Esun Bone White	Esun Space Blue	TRUE	120	314
Esun Bone White	Esun Yellow	TRUE	120	323
Esun Bone White	Voxel Ziro Brown	TRUE	110	184
Esun Bone White	Sunlu Gray	TRUE	150	167
Esun Bone White	Sunlu Mint Green	TRUE	120	299
Esun Bone White	Sunlu Silk (Blue)			300
Esun Bone White	Sunlu Silk (Bronze)			167
Esun Bone White	Sunlu Silk (Silver)			167
Esun Bone White	Sunlu Silk (Light Gold)			304
Esun Bone White	Sunlu Silk (Pink)			246
Esun Bone White	Sunlu Silk (Purple)			244
Esun Bone White	Sunlu Silk (Red Copper)			203
Esun Bone White	Sunlu Silk (Red)			327
Esun Bone White	Sunlu Silk (Black)			190
Esun Bone White	Sunlu Silk (Orange)			287
Esun Bone White	Sunlu Silk (White)			279
Esun Bone White	Eryone Silk (RYB)			348
Esun Bone White	Eryone Silk (RPG)			323
Esun Bone White	Voxel Silk (Sky Blue)			230
Esun Brown	Esun Fire Engine Red	TRUE	120	206
Esun Brown	Esun Green	TRUE	145	199
Esun Brown	Esun Red	TRUE	130	292
Esun Brown	Esun Gold	TRUE	135	449
Esun Brown	Esun Jade Green	TRUE	140	480
Esun Brown	Esun Orange	TRUE	140	442
Esun Brown	Esun Pine Green	TRUE	140	209
Esun Brown	Esun Light Brown	TRUE	145	288
Esun Brown	Esun Peak Green	TRUE	150	517
Esun Brown	Voxel Ziro Brown	TRUE	150	377
Esun Brown	Esun Black	TRUE	160	167
Esun Brown	Esun Beige	TRUE	160	483
Esun Brown	Esun Dark Blue	TRUE	160	196
Esun Brown	Esun Haze Blue	TRUE	160	361
Esun Brown	Esun Matcha Green	TRUE	160	501
Esun Brown	Sunlu Mint Green	TRUE	175	437
Esun Brown	Esun Space Blue	TRUE	180	545
Esun Brown	Esun Light Blue	TRUE	190	538
Esun Brown	Esun Pink	TRUE	190	462
Esun Brown	Esun Very Perri	TRUE	200	414
Esun Brown	Esun Baby Pink	TRUE	240	472
Esun Brown	Esun Blue	TRUE	170	266
Esun Brown	Esun Bone White	TRUE	165	447
Esun Brown	Esun Cold White	TRUE	250	554
Esun Brown	Esun Gray	TRUE	220	219
Esun Brown	Esun Magenta		120	252
Esun Brown	Esun Olive Green	TRUE	170	243
Esun Brown	Esun Purple	TRUE	150	241
Esun Brown	Esun Silver	TRUE	220	364
Esun Brown	Esun Warm White	TRUE	295	535
Esun Brown	Esun Yellow	TRUE	240	565
Esun Brown	Sunlu Gray	TRUE	200	361
Esun Brown	Sunlu Silk (Blue)			386
Esun Brown	Sunlu Silk (Bronze)			318
Esun Brown	Sunlu Silk (Silver)			366
Esun Brown	Sunlu Silk (Light Gold)			548
Esun Brown	Sunlu Silk (Pink)			460
Esun Brown	Sunlu Silk (Purple)			432
Esun Brown	Sunlu Silk (Red Copper)			264
Esun Brown	Sunlu Silk (Red)			282
Esun Brown	Sunlu Silk (Black)			169
Esun Brown	Sunlu Silk (Orange)			318
Esun Brown	Sunlu Silk (White)			536
Esun Brown	Eryone Silk (RYB)			296
Esun Brown	Eryone Silk (RPG)			271
Esun Brown	Voxel Silk (Sky Blue)			352
Esun Cold White	Esun Haze Blue		165	179
Esun Cold White	Esun Beige	TRUE	120	179
Esun Cold White	Esun Orange	TRUE	180	354
Esun Cold White	Esun Silver	TRUE	130	167
Esun Cold White	Esun Gold	TRUE	130	300
Esun Cold White	Esun Jade Green	TRUE	130	311
Esun Cold White	Esun Matcha Green	TRUE	190	233
Esun Cold White	Esun Pink	TRUE	130	234
Esun Cold White	Esun Magenta	TRUE	135	311
Esun Cold White	Esun Blue	TRUE	135	308
Esun Cold White	Sunlu Mint Green	TRUE	140	291
Esun Cold White	Esun Light Blue	TRUE	140	305
Esun Cold White	Esun Very Perri	TRUE	140	242
Esun Cold White	Esun Yellow	TRUE	140	326
Esun Cold White	Esun Peak Green	TRUE	145	301
Esun Cold White	Esun Gray	TRUE	220	167
Esun Cold White	Esun Dark Blue	TRUE	150	224
Esun Cold White	Esun Olive Green	TRUE	150	204
Esun Cold White	Esun Purple	TRUE	185	284
Esun Cold White	Esun Red	TRUE	150	369
Esun Cold White	Sunlu Gray	TRUE	160	167
Esun Cold White	Esun Light Brown	TRUE	170	258
Esun Cold White	Voxel Ziro Brown	TRUE	170	230
Esun Cold White	Esun Fire Engine Red	TRUE	180	285
Esun Cold White	Esun Green	TRUE	190	214
Esun Cold White	Esun Pine Green	TRUE	195	231
Esun Cold White	Esun Black	TRUE	270	187
Esun Cold White	Esun Baby Pink	TRUE	190	167
Esun Cold White	Esun Bone White	TRUE	210	167
Esun Cold White	Esun Brown	TRUE	220	200
Esun Cold White	Esun Space Blue	TRUE	160	291
Esun Cold White	Esun Warm White	TRUE	150	167
Esun Cold White	Sunlu Silk (Blue)			294
Esun Cold White	Sunlu Silk (Bronze)			170
Esun Cold White	Sunlu Silk (Silver)			167
Esun Cold White	Sunlu Silk (Light Gold)			278
Esun Cold White	Sunlu Silk (Pink)			235
Esun Cold White	Sunlu Silk (Purple)			224
Esun Cold White	Sunlu Silk (Red Copper)			244
Esun Cold White	Sunlu Silk (Red)			358
Esun Cold White	Sunlu Silk (Black)			177
Esun Cold White	Sunlu Silk (Orange)			326
Esun Cold White	Sunlu Silk (White)			167
Esun Cold White	Eryone Silk (RYB)			353
Esun Cold White	Eryone Silk (RPG)			333
Esun Cold White	Voxel Silk (Sky Blue)			213
Esun Dark Blue	Esun Blue	TRUE	95	292
Esun Dark Blue	Esun Haze Blue	TRUE	115	462
Esun Dark Blue	Esun Black	TRUE	130	167
Esun Dark Blue	Esun Brown	TRUE	140	412
Esun Dark Blue	Esun Light Blue	TRUE	170	603
Esun Dark Blue	Esun Cold White	TRUE	205	676
Esun Dark Blue	Esun Baby Pink			634
Esun Dark Blue	Esun Beige	TRUE	330	675
Esun Dark Blue	Esun Bone White	TRUE	340	623
Esun Dark Blue	Esun Fire Engine Red			371
Esun Dark Blue	Esun Gold			667
Esun Dark Blue	Esun Gray	TRUE	210	405
Esun Dark Blue	Esun Jade Green			575
Esun Dark Blue	Esun Light Brown			532
Esun Dark Blue	Esun Magenta			455
Esun Dark Blue	Esun Matcha Green			683
Esun Dark Blue	Esun Olive Green			466
Esun Dark Blue	Esun Orange			662
Esun Dark Blue	Esun Peak Green			692
Esun Dark Blue	Esun Pine Green			397
Esun Dark Blue	Esun Green			337
Esun Dark Blue	Esun Pink			581
Esun Dark Blue	Esun Purple			335
Esun Dark Blue	Esun Red			520
Esun Dark Blue	Esun Silver			512
Esun Dark Blue	Esun Space Blue			609
Esun Dark Blue	Esun Very Perri			481
Esun Dark Blue	Esun Warm White			666
Esun Dark Blue	Esun Yellow			767
Esun Dark Blue	Voxel Ziro Brown			595
Esun Dark Blue	Sunlu Gray			510
Esun Dark Blue	Sunlu Mint Green			530
Esun Dark Blue	Sunlu Silk (Blue)			464
Esun Dark Blue	Sunlu Silk (Bronze)			499
Esun Dark Blue	Sunlu Silk (Silver)			513
Esun Dark Blue	Sunlu Silk (Light Gold)			746
Esun Dark Blue	Sunlu Silk (Pink)			579
Esun Dark Blue	Sunlu Silk (Purple)			537
Esun Dark Blue	Sunlu Silk (Red Copper)			508
Esun Dark Blue	Sunlu Silk (Red)			502
Esun Dark Blue	Sunlu Silk (Black)			226
Esun Dark Blue	Sunlu Silk (Orange)			559
Esun Dark Blue	Sunlu Silk (White)			660
Esun Dark Blue	Eryone Silk (RYB)			430
Esun Dark Blue	Eryone Silk (RPG)			466
Esun Dark Blue	Voxel Silk (Sky Blue)			463
Esun Fire Engine Red	Esun Red	TRUE	100	300
Esun Fire Engine Red	Esun Black	TRUE	110	167
Esun Fire Engine Red	Esun Jade Green	TRUE	200	602
Esun Fire Engine Red	Esun Brown	TRUE	150	327
Esun Fire Engine Red	Esun Blue	TRUE	195	271
Esun Fire Engine Red	Esun Bone White	TRUE	210	581
Esun Fire Engine Red	Esun Pink	TRUE	220	542
Esun Fire Engine Red	Sunlu Mint Green	TRUE	180	579
Esun Fire Engine Red	Esun Light Brown	TRUE	240	389
Esun Fire Engine Red	Esun Olive Green	TRUE	270	417
Esun Fire Engine Red	Esun Haze Blue	TRUE	230	509
Esun Fire Engine Red	Esun Light Blue	TRUE	230	647
Esun Fire Engine Red	Esun Beige	TRUE	300	604
Esun Fire Engine Red	Esun Cold White	TRUE	310	675
Esun Fire Engine Red	Esun Yellow	TRUE	270	649
Esun Fire Engine Red	Esun Gold	TRUE	265	531
Esun Fire Engine Red	Esun Matcha Green	TRUE	285	625
Esun Fire Engine Red	Esun Baby Pink			578
Esun Fire Engine Red	Esun Dark Blue			199
Esun Fire Engine Red	Esun Gray			395
Esun Fire Engine Red	Esun Magenta			283
Esun Fire Engine Red	Esun Orange			494
Esun Fire Engine Red	Esun Peak Green			648
Esun Fire Engine Red	Esun Pine Green			385
Esun Fire Engine Red	Esun Green			371
Esun Fire Engine Red	Esun Purple			311
Esun Fire Engine Red	Esun Silver			507
Esun Fire Engine Red	Esun Space Blue			662
Esun Fire Engine Red	Esun Very Perri			542
Esun Fire Engine Red	Esun Warm White			659
Esun Fire Engine Red	Voxel Ziro Brown			477
Esun Fire Engine Red	Sunlu Gray			505
Esun Fire Engine Red	Sunlu Silk (Blue)			532
Esun Fire Engine Red	Sunlu Silk (Bronze)			476
Esun Fire Engine Red	Sunlu Silk (Silver)			508
Esun Fire Engine Red	Sunlu Silk (Light Gold)			640
Esun Fire Engine Red	Sunlu Silk (Pink)			540
Esun Fire Engine Red	Sunlu Silk (Purple)			531
Esun Fire Engine Red	Sunlu Silk (Red Copper)			364
Esun Fire Engine Red	Sunlu Silk (Red)			282
Esun Fire Engine Red	Sunlu Silk (Black)			172
Esun Fire Engine Red	Sunlu Silk (Orange)			362
Esun Fire Engine Red	Sunlu Silk (White)			659
Esun Fire Engine Red	Eryone Silk (RYB)			448
Esun Fire Engine Red	Eryone Silk (RPG)			328
Esun Fire Engine Red	Voxel Silk (Sky Blue)			514
Esun Gold	Esun Fire Engine Red	TRUE	105	258
Esun Gold	Esun Jade Green	TRUE	190	308
Esun Gold	Esun Peak Green	TRUE	110	321
Esun Gold	Esun Brown	TRUE	120	248
Esun Gold	Esun Yellow	TRUE	120	308
Esun Gold	Esun Pink	TRUE	125	367
Esun Gold	Esun Beige	TRUE	140	372
Esun Gold	Esun Light Brown	TRUE	140	181
Esun Gold	Esun Black	TRUE	145	212
Esun Gold	Esun Magenta	TRUE	155	312
Esun Gold	Esun Cold White	TRUE	270	482
Esun Gold	Esun Blue	TRUE	170	316
Esun Gold	Esun Bone White	TRUE	280	343
Esun Gold	Esun Light Blue	TRUE	255	384
Esun Gold	Esun Haze Blue	TRUE	240	283
Esun Gold	Esun Baby Pink			379
Esun Gold	Esun Dark Blue			247
Esun Gold	Esun Gray	TRUE	260	248
Esun Gold	Esun Matcha Green	TRUE	135	330
Esun Gold	Esun Olive Green			248
Esun Gold	Esun Orange			183
Esun Gold	Esun Pine Green			260
Esun Gold	Esun Green	TRUE	135	248
Esun Gold	Esun Purple			290
Esun Gold	Esun Red	TRUE	120	287
Esun Gold	Esun Silver			271
Esun Gold	Esun Space Blue		150	414
Esun Gold	Esun Very Perri			333
Esun Gold	Esun Warm White			459
Esun Gold	Voxel Ziro Brown			187
Esun Gold	Sunlu Gray			271
Esun Gold	Sunlu Mint Green			296
Esun Gold	Sunlu Silk (Blue)			297
Esun Gold	Sunlu Silk (Bronze)			268
Esun Gold	Sunlu Silk (Silver)			271
Esun Gold	Sunlu Silk (Light Gold)			320
Esun Gold	Sunlu Silk (Pink)			364
Esun Gold	Sunlu Silk (Purple)			320
Esun Gold	Sunlu Silk (Red Copper)			210
Esun Gold	Sunlu Silk (Red)			285
Esun Gold	Sunlu Silk (Black)			221
Esun Gold	Sunlu Silk (Orange)			221
Esun Gold	Sunlu Silk (White)			462
Esun Gold	Eryone Silk (RYB)			344
Esun Gold	Eryone Silk (RPG)			320
Esun Gold	Voxel Silk (Sky Blue)			275
Esun Gray	Esun Black	TRUE	100	167
Esun Gray	Esun Light Brown	TRUE	110	297
Esun Gray	Esun Pine Green	TRUE	110	197
Esun Gray	Esun Red	TRUE	110	295
Esun Gray	Esun Light Blue	TRUE	120	467
Esun Gray	Esun Olive Green	TRUE	130	209
Esun Gray	Esun Bone White	TRUE	190	429
Esun Gray	Esun Pink	TRUE	140	424
Esun Gray	Esun Very Perri	TRUE	145	339
Esun Gray	Sunlu Mint Green	TRUE	150	364
Esun Gray	Esun Cold White	TRUE	160	498
Esun Gray	Esun Baby Pink			454
Esun Gray	Esun Beige	TRUE	255	488
Esun Gray	Esun Blue	TRUE	120	266
Esun Gray	Esun Brown	TRUE	120	167
Esun Gray	Esun Dark Blue	TRUE	120	183
Esun Gray	Esun Fire Engine Red			238
Esun Gray	Esun Gold	TRUE	210	462
Esun Gray	Esun Haze Blue			285
Esun Gray	Esun Jade Green			414
Esun Gray	Esun Magenta	TRUE	170	263
Esun Gray	Esun Matcha Green		205	493
Esun Gray	Esun Orange			462
Esun Gray	Esun Peak Green			502
Esun Gray	Esun Green			178
Esun Gray	Esun Purple			240
Esun Gray	Esun Silver			298
Esun Gray	Esun Space Blue	TRUE	145	475
Esun Gray	Esun Warm White			485
Esun Gray	Esun Yellow			577
Esun Gray	Voxel Ziro Brown			385
Esun Gray	Sunlu Gray			295
Esun Gray	Sunlu Silk (Blue)			297
Esun Gray	Sunlu Silk (Bronze)			274
Esun Gray	Sunlu Silk (Silver)			300
Esun Gray	Sunlu Silk (Light Gold)			557
Esun Gray	Sunlu Silk (Pink)			422
Esun Gray	Sunlu Silk (Purple)			382
Esun Gray	Sunlu Silk (Red Copper)			268
Esun Gray	Sunlu Silk (Red)			288
Esun Gray	Sunlu Silk (Black)			167
Esun Gray	Sunlu Silk (Orange)			330
Esun Gray	Sunlu Silk (White)			480
Esun Gray	Eryone Silk (RYB)			295
Esun Gray	Eryone Silk (RPG)			270
Esun Gray	Voxel Silk (Sky Blue)			274
Esun Green	Esun Brown	TRUE	200	286
Esun Green	Esun Very Perri	TRUE	210	420
Esun Green	Esun Matcha Green	TRUE	290	564
Esun Green	Esun Yellow	TRUE	300	658
Esun Green	Esun Pink	TRUE	250	532
Esun Green	Esun Cold White	TRUE	300	594
Esun Green	Esun Baby Pink	TRUE	340	560
Esun Green	Esun Beige			582
Esun Green	Esun Black	TRUE	110	167
Esun Green	Esun Blue			256
Esun Green	Esun Bone White	TRUE	365	524
Esun Green	Esun Dark Blue			185
Esun Green	Esun Fire Engine Red			228
Esun Green	Esun Gold	TRUE	330	560
Esun Green	Esun Gray			287
Esun Green	Esun Haze Blue			368
Esun Green	Esun Jade Green			434
Esun Green	Esun Light Blue			490
Esun Green	Esun Light Brown		280	424
Esun Green	Esun Magenta			376
Esun Green	Esun Olive Green			325
Esun Green	Esun Orange			570
Esun Green	Esun Peak Green	TRUE	255	556
Esun Green	Esun Pine Green	TRUE	160	208
Esun Green	Esun Purple			231
Esun Green	Esun Red	TRUE	330	414
Esun Green	Esun Silver	TRUE	270	414
Esun Green	Esun Space Blue		270	500
Esun Green	Esun Warm White	TRUE	360	581
Esun Green	Voxel Ziro Brown	TRUE	305	495
Esun Green	Sunlu Gray			412
Esun Green	Sunlu Mint Green			391
Esun Green	Sunlu Silk (Blue)			342
Esun Green	Sunlu Silk (Bronze)			376
Esun Green	Sunlu Silk (Silver)			416
Esun Green	Sunlu Silk (Light Gold)			639
Esun Green	Sunlu Silk (Pink)			531
Esun Green	Sunlu Silk (Purple)			487
Esun Green	Sunlu Silk (Red Copper)			405
Esun Green	Sunlu Silk (Red)			405
Esun Green	Sunlu Silk (Black)			167
Esun Green	Sunlu Silk (Orange)			467
Esun Green	Sunlu Silk (White)			577
Esun Green	Eryone Silk (RYB)			375
Esun Green	Eryone Silk (RPG)			401
Esun Green	Voxel Silk (Sky Blue)			323
Esun Haze Blue	Esun Dark Blue	TRUE	90	167
Esun Haze Blue	Esun Blue	TRUE	95	245
Esun Haze Blue	Esun Cold White	TRUE	165	452
Esun Haze Blue	Esun Brown	TRUE	110	219
Esun Haze Blue	Esun Fire Engine Red	TRUE	110	266
Esun Haze Blue	Esun Light Brown	TRUE	115	268
Esun Haze Blue	Esun Orange	TRUE	115	419
Esun Haze Blue	Esun Black	TRUE	120	186
Esun Haze Blue	Esun Bone White	TRUE	120	377
Esun Haze Blue	Esun Gold	TRUE	130	421
Esun Haze Blue	Esun Magenta	TRUE	130	290
Esun Haze Blue	Esun Beige	TRUE	140	444
Esun Haze Blue	Esun Baby Pink			403
Esun Haze Blue	Esun Gray			167
Esun Haze Blue	Esun Jade Green			290
Esun Haze Blue	Esun Light Blue			346
Esun Haze Blue	Esun Matcha Green			443
Esun Haze Blue	Esun Olive Green			215
Esun Haze Blue	Esun Peak Green	TRUE	140	444
Esun Haze Blue	Esun Pine Green			219
Esun Haze Blue	Esun Green			168
Esun Haze Blue	Esun Pink			346
Esun Haze Blue	Esun Purple			255
Esun Haze Blue	Esun Red	TRUE	145	323
Esun Haze Blue	Esun Silver			220
Esun Haze Blue	Esun Space Blue	TRUE	110	356
Esun Haze Blue	Esun Very Perri			191
Esun Haze Blue	Esun Warm White	TRUE	180	438
Esun Haze Blue	Esun Yellow	TRUE	190	542
Esun Haze Blue	Voxel Ziro Brown			334
Esun Haze Blue	Sunlu Gray			216
Esun Haze Blue	Sunlu Mint Green			236
Esun Haze Blue	Sunlu Silk (Blue)			227
Esun Haze Blue	Sunlu Silk (Bronze)			180
Esun Haze Blue	Sunlu Silk (Silver)			223
Esun Haze Blue	Sunlu Silk (Light Gold)			520
Esun Haze Blue	Sunlu Silk (Pink)			343
Esun Haze Blue	Sunlu Silk (Purple)			286
Esun Haze Blue	Sunlu Silk (Red Copper)			268
Esun Haze Blue	Sunlu Silk (Red)			315
Esun Haze Blue	Sunlu Silk (Black)			178
Esun Haze Blue	Sunlu Silk (Orange)			303
Esun Haze Blue	Sunlu Silk (White)			432
Esun Haze Blue	Eryone Silk (RYB)			310
Esun Haze Blue	Eryone Silk (RPG)			298
Esun Haze Blue	Voxel Silk (Sky Blue)			167
Esun Jade Green	Esun Fire Engine Red	TRUE	90	280
Esun Jade Green	Esun Black	TRUE	100	203
Esun Jade Green	Esun Orange	TRUE	140	399
Esun Jade Green	Esun Bone White	TRUE	160	457
Esun Jade Green	Esun Light Blue	TRUE	150	268
Esun Jade Green	Esun Yellow	TRUE	155	545
Esun Jade Green	Esun Beige	TRUE	210	523
Esun Jade Green	Esun Brown	TRUE	120	249
Esun Jade Green	Esun Cold White	TRUE	230	536
Esun Jade Green	Esun Gold	TRUE	120	453
Esun Jade Green	Esun Matcha Green	TRUE	140	475
Esun Jade Green	Esun Red	TRUE	140	337
Esun Jade Green	Esun Baby Pink			504
Esun Jade Green	Esun Blue			308
Esun Jade Green	Esun Dark Blue			239
Esun Jade Green	Esun Gray			240
Esun Jade Green	Esun Haze Blue			264
Esun Jade Green	Esun Light Brown			282
Esun Jade Green	Esun Magenta			305
Esun Jade Green	Esun Olive Green			253
Esun Jade Green	Esun Peak Green		210	427
Esun Jade Green	Esun Pine Green			252
Esun Jade Green	Esun Green			240
Esun Jade Green	Esun Pink			467
Esun Jade Green	Esun Purple			283
Esun Jade Green	Esun Silver			325
Esun Jade Green	Esun Space Blue			297
Esun Jade Green	Esun Very Perri			302
Esun Jade Green	Esun Warm White			521
Esun Jade Green	Voxel Ziro Brown			424
Esun Jade Green	Sunlu Gray		200	322
Esun Jade Green	Sunlu Mint Green			167
Esun Jade Green	Sunlu Silk (Blue)			206
Esun Jade Green	Sunlu Silk (Bronze)			263
Esun Jade Green	Sunlu Silk (Silver)			327
Esun Jade Green	Sunlu Silk (Light Gold)			563
Esun Jade Green	Sunlu Silk (Pink)			464
Esun Jade Green	Sunlu Silk (Purple)			410
Esun Jade Green	Sunlu Silk (Red Copper)			284
Esun Jade Green	Sunlu Silk (Red)			330
Esun Jade Green	Sunlu Silk (Black)			212
Esun Jade Green	Sunlu Silk (Orange)			318
Esun Jade Green	Sunlu Silk (White)			517
Esun Jade Green	Eryone Silk (RYB)			337
Esun Jade Green	Eryone Silk (RPG)			312
Esun Jade Green	Voxel Silk (Sky Blue)			218
Esun Light Blue	Esun Beige	TRUE	140	484
Esun Light Blue	Esun Jade Green	TRUE	100	183
Esun Light Blue	Esun Matcha Green	TRUE	100	455
Esun Light Blue	Esun Peak Green	TRUE	100	421
Esun Light Blue	Esun Pine Green	TRUE	105	266
Esun Light Blue	Esun Red	TRUE	105	351
Esun Light Blue	Esun Gray	TRUE	110	254
Esun Light Blue	Esun Orange	TRUE	110	338
Esun Light Blue	Esun Yellow	TRUE	110	495
Esun Light Blue	Esun Black	TRUE	120	218
Esun Light Blue	Esun Blue	TRUE	120	286
Esun Light Blue	Esun Brown	TRUE	120	264
Esun Light Blue	Esun Fire Engine Red	TRUE	120	295
Esun Light Blue	Esun Bone White	TRUE	130	411
Esun Light Blue	Esun Dark Blue	TRUE	130	254
Esun Light Blue	Esun Gold	TRUE	130	316
Esun Light Blue	Esun Olive Green	TRUE	130	267
Esun Light Blue	Esun Cold White	TRUE	170	486
Esun Light Blue	Esun Baby Pink			450
Esun Light Blue	Esun Haze Blue			254
Esun Light Blue	Esun Light Brown	TRUE	130	296
Esun Light Blue	Esun Magenta			319
Esun Light Blue	Esun Green			253
Esun Light Blue	Esun Pink			384
Esun Light Blue	Esun Purple			297
Esun Light Blue	Esun Silver			278
Esun Light Blue	Esun Space Blue			170
Esun Light Blue	Esun Very Perri	TRUE	120	262
Esun Light Blue	Esun Warm White	TRUE	230	472
Esun Light Blue	Voxel Ziro Brown			308
Esun Light Blue	Sunlu Gray			277
Esun Light Blue	Sunlu Mint Green			167
Esun Light Blue	Sunlu Silk (Blue)			167
Esun Light Blue	Sunlu Silk (Bronze)			276
Esun Light Blue	Sunlu Silk (Silver)			278
Esun Light Blue	Sunlu Silk (Light Gold)			514
Esun Light Blue	Sunlu Silk (Pink)			381
Esun Light Blue	Sunlu Silk (Purple)			326
Esun Light Blue	Sunlu Silk (Red Copper)			298
Esun Light Blue	Sunlu Silk (Red)			344
Esun Light Blue	Sunlu Silk (Black)			227
Esun Light Blue	Sunlu Silk (Orange)			331
Esun Light Blue	Sunlu Silk (White)			466
Esun Light Blue	Eryone Silk (RYB)			351
Esun Light Blue	Eryone Silk (RPG)			326
Esun Light Blue	Voxel Silk (Sky Blue)			220
Esun Light Brown	Esun Blue	TRUE	220	292
Esun Light Brown	Esun Brown	TRUE	125	183
Esun Light Brown	Esun Peak Green	TRUE	130	455
Esun Light Brown	Esun Orange	TRUE	140	306
Esun Light Brown	Esun Gold	TRUE	185	330
Esun Light Brown	Esun Fire Engine Red	TRUE	150	191
Esun Light Brown	Esun Haze Blue	TRUE	235	340
Esun Light Brown	Esun Black	TRUE	160	185
Esun Light Brown	Esun Bone White	TRUE	205	421
Esun Light Brown	Esun Matcha Green	TRUE	160	441
Esun Light Brown	Esun Gray	TRUE	245	224
Esun Light Brown	Esun Cold White	TRUE	295	540
Esun Light Brown	Esun Baby Pink			443
Esun Light Brown	Esun Beige	TRUE	270	445
Esun Light Brown	Esun Dark Blue			222
Esun Light Brown	Esun Jade Green			454
Esun Light Brown	Esun Light Blue	TRUE	265	508
Esun Light Brown	Esun Magenta			253
Esun Light Brown	Esun Olive Green	TRUE	155	205
Esun Light Brown	Esun Pine Green	TRUE	140	236
Esun Light Brown	Esun Green	TRUE	150	224
Esun Light Brown	Esun Pink			429
Esun Light Brown	Esun Purple		150	266
Esun Light Brown	Esun Red	TRUE	165	252
Esun Light Brown	Esun Silver		205	338
Esun Light Brown	Esun Space Blue		280	526
Esun Light Brown	Esun Very Perri	TRUE	190	400
Esun Light Brown	Esun Warm White	TRUE	310	520
Esun Light Brown	Esun Yellow		300	465
Esun Light Brown	Voxel Ziro Brown	TRUE	120	279
Esun Light Brown	Sunlu Gray			336
Esun Light Brown	Sunlu Mint Green			421
Esun Light Brown	Sunlu Silk (Blue)			274
Esun Light Brown	Sunlu Silk (Bronze)			279
Esun Light Brown	Sunlu Silk (Silver)			340
Esun Light Brown	Sunlu Silk (Light Gold)			457
Esun Light Brown	Sunlu Silk (Pink)			427
Esun Light Brown	Sunlu Silk (Purple)			406
Esun Light Brown	Sunlu Silk (Red Copper)			167
Esun Light Brown	Sunlu Silk (Red)			245
Esun Light Brown	Sunlu Silk (Black)			195
Esun Light Brown	Sunlu Silk (Orange)			191
Esun Light Brown	Sunlu Silk (White)			521
Esun Light Brown	Eryone Silk (RYB)			321
Esun Light Brown	Eryone Silk (RPG)			296
Esun Light Brown	Voxel Silk (Sky Blue)			328
Esun Magenta	Esun Black	TRUE	150	182
Esun Magenta	Esun Gold	TRUE	210	522
Esun Magenta	Esun Peak Green	TRUE	195	623
Esun Magenta	Esun Haze Blue	TRUE	235	465
Esun Magenta	Esun Silver	TRUE	210	471
Esun Magenta	Esun Cold White	TRUE	290	647
Esun Magenta	Esun Baby Pink			545
Esun Magenta	Esun Beige			588
Esun Magenta	Esun Blue	TRUE	175	291
Esun Magenta	Esun Bone White		275	559
Esun Magenta	Esun Brown	TRUE	170	287
Esun Magenta	Esun Dark Blue			220
Esun Magenta	Esun Fire Engine Red			181
Esun Magenta	Esun Gray	TRUE	320	350
Esun Magenta	Esun Jade Green			543
Esun Magenta	Esun Light Blue			591
Esun Magenta	Esun Light Brown			369
Esun Magenta	Esun Matcha Green		250	619
Esun Magenta	Esun Olive Green			394
Esun Magenta	Esun Orange			473
Esun Magenta	Esun Pine Green			236
Esun Magenta	Esun Green			223
Esun Magenta	Esun Pink			467
Esun Magenta	Esun Purple	TRUE	150	253
Esun Magenta	Esun Red			204
Esun Magenta	Esun Space Blue			607
Esun Magenta	Esun Very Perri			480
Esun Magenta	Esun Warm White			632
Esun Magenta	Esun Yellow			647
Esun Magenta	Voxel Ziro Brown			461
Esun Magenta	Sunlu Gray			469
Esun Magenta	Sunlu Mint Green			519
Esun Magenta	Sunlu Silk (Blue)			467
Esun Magenta	Sunlu Silk (Bronze)			449
Esun Magenta	Sunlu Silk (Silver)			473
Esun Magenta	Sunlu Silk (Light Gold)			636
Esun Magenta	Sunlu Silk (Pink)			465
Esun Magenta	Sunlu Silk (Purple)			460
Esun Magenta	Sunlu Silk (Red Copper)			337
Esun Magenta	Sunlu Silk (Red)			192
Esun Magenta	Sunlu Silk (Black)			193
Esun Magenta	Sunlu Silk (Orange)			320
Esun Magenta	Sunlu Silk (White)			630
Esun Magenta	Eryone Silk (RYB)			321
Esun Magenta	Eryone Silk (RPG)			169
Esun Magenta	Voxel Silk (Sky Blue)			478
Esun Matcha Green	Esun Brown	TRUE	110	224
Esun Matcha Green	Esun Jade Green	TRUE	110	319
Esun Matcha Green	Esun Light Blue	TRUE	160	334
Esun Matcha Green	Esun Peak Green	TRUE	110	188
Esun Matcha Green	Esun Light Brown	TRUE	120	224
Esun Matcha Green	Esun Yellow	TRUE	120	246
Esun Matcha Green	Esun Beige	TRUE	180	244
Esun Matcha Green	Esun Fire Engine Red	TRUE	130	301
Esun Matcha Green	Esun Pine Green	TRUE	130	208
Esun Matcha Green	Esun Red	TRUE	130	356
Esun Matcha Green	Esun Black	TRUE	135	226
Esun Matcha Green	Esun Pink	TRUE	185	331
Esun Matcha Green	Esun Blue	TRUE	150	328
Esun Matcha Green	Esun Green	TRUE	150	261
Esun Matcha Green	Esun Cold White	TRUE	255	348
Esun Matcha Green	Esun Baby Pink			250
Esun Matcha Green	Esun Bone White		170	192
Esun Matcha Green	Esun Dark Blue			261
Esun Matcha Green	Esun Gold	TRUE	130	218
Esun Matcha Green	Esun Gray	TRUE	155	246
Esun Matcha Green	Esun Haze Blue			273
Esun Matcha Green	Esun Magenta		110	324
Esun Matcha Green	Esun Olive Green			180
Esun Matcha Green	Esun Orange			293
Esun Matcha Green	Esun Purple	TRUE	140	303
Esun Matcha Green	Esun Silver			235
Esun Matcha Green	Esun Space Blue	TRUE	185	337
Esun Matcha Green	Esun Very Perri			344
Esun Matcha Green	Esun Warm White			321
Esun Matcha Green	Voxel Ziro Brown			206
Esun Matcha Green	Sunlu Gray			235
Esun Matcha Green	Sunlu Mint Green			307
Esun Matcha Green	Sunlu Silk (Blue)			309
Esun Matcha Green	Sunlu Silk (Bronze)			203
Esun Matcha Green	Sunlu Silk (Silver)			235
Esun Matcha Green	Sunlu Silk (Light Gold)			239
Esun Matcha Green	Sunlu Silk (Pink)			331
Esun Matcha Green	Sunlu Silk (Purple)			329
Esun Matcha Green	Sunlu Silk (Red Copper)			239
Esun Matcha Green	Sunlu Silk (Red)			349
Esun Matcha Green	Sunlu Silk (Black)			235
Esun Matcha Green	Sunlu Silk (Orange)			306
Esun Matcha Green	Sunlu Silk (White)			323
Esun Matcha Green	Eryone Silk (RYB)			356
Esun Matcha Green	Eryone Silk (RPG)			332
Esun Matcha Green	Voxel Silk (Sky Blue)			273
Esun Olive Green	Esun Peak Green	TRUE	130	436
Esun Olive Green	Esun Purple	TRUE	160	249
Esun Olive Green	Esun Fire Engine Red	TRUE	140	247
Esun Olive Green	Esun Black	TRUE	150	169
Esun Olive Green	Esun Bone White	TRUE	235	409
Esun Olive Green	Esun Very Perri	TRUE	180	375
Esun Olive Green	Esun Gray	TRUE	230	175
Esun Olive Green	Esun Light Blue	TRUE	220	474
Esun Olive Green	Esun Cold White	TRUE	310	520
Esun Olive Green	Esun Baby Pink			459
Esun Olive Green	Esun Beige	TRUE	245	459
Esun Olive Green	Esun Blue			274
Esun Olive Green	Esun Brown	TRUE	180	167
Esun Olive Green	Esun Dark Blue			205
Esun Olive Green	Esun Gold			405
Esun Olive Green	Esun Haze Blue			306
Esun Olive Green	Esun Jade Green			399
Esun Olive Green	Esun Light Brown	TRUE	160	246
Esun Olive Green	Esun Magenta			271
Esun Olive Green	Esun Matcha Green			432
Esun Olive Green	Esun Orange			412
Esun Olive Green	Esun Pine Green	TRUE	115	167
Esun Olive Green	Esun Green			201
Esun Olive Green	Esun Pink	TRUE	225	452
Esun Olive Green	Esun Red			304
Esun Olive Green	Esun Silver	TRUE	195	318
Esun Olive Green	Esun Space Blue		240	484
Esun Olive Green	Esun Warm White			501
Esun Olive Green	Esun Yellow	TRUE	220	515
Esun Olive Green	Voxel Ziro Brown			346
Esun Olive Green	Sunlu Gray			316
Esun Olive Green	Sunlu Mint Green			357
Esun Olive Green	Sunlu Silk (Blue)			257
Esun Olive Green	Sunlu Silk (Bronze)			246
Esun Olive Green	Sunlu Silk (Silver)			321
Esun Olive Green	Sunlu Silk (Light Gold)			500
Esun Olive Green	Sunlu Silk (Pink)			449
Esun Olive Green	Sunlu Silk (Purple)			414
Esun Olive Green	Sunlu Silk (Red Copper)			230
Esun Olive Green	Sunlu Silk (Red)			296
Esun Olive Green	Sunlu Silk (Black)			178
Esun Olive Green	Sunlu Silk (Orange)			285
Esun Olive Green	Sunlu Silk (White)			502
Esun Olive Green	Eryone Silk (RYB)			304
Esun Olive Green	Eryone Silk (RPG)			279
Esun Olive Green	Voxel Silk (Sky Blue)			275
Esun Orange	Esun Brown	TRUE	110	262
Esun Orange	Esun Jade Green	TRUE	110	314
Esun Orange	Esun Pine Green	TRUE	110	265
Esun Orange	Esun Light Brown	TRUE	115	215
Esun Orange	Esun Purple	TRUE	115	295
Esun Orange	Esun Haze Blue	TRUE	120	288
Esun Orange	Esun Light Blue	TRUE	120	444
Esun Orange	Esun Black	TRUE	130	214
Esun Orange	Esun Red	TRUE	130	239
Esun Orange	Esun Very Perri	TRUE	130	338
Esun Orange	Esun Bone White	TRUE	140	438
Esun Orange	Esun Yellow	TRUE	140	395
Esun Orange	Esun Space Blue	TRUE	155	464
Esun Orange	Esun Cold White	TRUE	260	564
Esun Orange	Esun Silver	TRUE	180	356
Esun Orange	Esun Baby Pink			458
Esun Orange	Esun Beige			459
Esun Orange	Esun Blue	TRUE	160	320
Esun Orange	Esun Dark Blue			251
Esun Orange	Esun Fire Engine Red			257
Esun Orange	Esun Gold			256
Esun Orange	Esun Gray			253
Esun Orange	Esun Magenta			305
Esun Orange	Esun Matcha Green			438
Esun Orange	Esun Olive Green			265
Esun Orange	Esun Peak Green	TRUE	220	439
Esun Orange	Esun Green			253
Esun Orange	Esun Pink		120	440
Esun Orange	Esun Warm White			543
Esun Orange	Voxel Ziro Brown			275
Esun Orange	Sunlu Gray			353
Esun Orange	Sunlu Mint Green			301
Esun Orange	Sunlu Silk (Blue)			302
Esun Orange	Sunlu Silk (Bronze)			275
Esun Orange	Sunlu Silk (Silver)			359
Esun Orange	Sunlu Silk (Light Gold)			418
Esun Orange	Sunlu Silk (Pink)			438
Esun Orange	Sunlu Silk (Purple)			423
Esun Orange	Sunlu Silk (Red Copper)			236
Esun Orange	Sunlu Silk (Red)			243
Esun Orange	Sunlu Silk (Black)			224
Esun Orange	Sunlu Silk (Orange)			187
Esun Orange	Sunlu Silk (White)			546
Esun Orange	Eryone Silk (RYB)			349
Esun Orange	Eryone Silk (RPG)			325
Esun Orange	Voxel Silk (Sky Blue)			280
Esun Peak Green	Esun Magenta	TRUE	95	323
Esun Peak Green	Esun Matcha Green	TRUE	140	259
Esun Peak Green	Esun Beige	TRUE	110	367
Esun Peak Green	Esun Black	TRUE	110	224
Esun Peak Green	Esun Brown	TRUE	110	268
Esun Peak Green	Esun Olive Green	TRUE	110	242
Esun Peak Green	Esun Gold	TRUE	115	266
Esun Peak Green	Esun Light Brown	TRUE	120	292
Esun Peak Green	Esun Purple	TRUE	120	302
Esun Peak Green	Esun Red	TRUE	120	355
Esun Peak Green	Esun Bone White	TRUE	200	312
Esun Peak Green	Esun Light Blue	TRUE	180	333
Esun Peak Green	Esun Warm White	TRUE	215	426
Esun Peak Green	Esun Cold White	TRUE	165	448
Esun Peak Green	Esun Silver	TRUE	180	282
Esun Peak Green	Esun Baby Pink	TRUE	210	380
Esun Peak Green	Esun Blue	TRUE	295	327
Esun Peak Green	Esun Dark Blue			259
Esun Peak Green	Esun Fire Engine Red			300
Esun Peak Green	Esun Gray			259
Esun Peak Green	Esun Haze Blue	TRUE	210	294
Esun Peak Green	Esun Jade Green	TRUE	140	319
Esun Peak Green	Esun Orange	TRUE	120	341
Esun Peak Green	Esun Pine Green	TRUE	140	236
Esun Peak Green	Esun Green	TRUE	145	260
Esun Peak Green	Esun Pink	TRUE	185	337
Esun Peak Green	Esun Space Blue			337
Esun Peak Green	Esun Very Perri			344
Esun Peak Green	Esun Yellow	TRUE	120	325
Esun Peak Green	Voxel Ziro Brown			278
Esun Peak Green	Sunlu Gray	TRUE	230	281
Esun Peak Green	Sunlu Mint Green			307
Esun Peak Green	Sunlu Silk (Blue)			308
Esun Peak Green	Sunlu Silk (Bronze)			263
Esun Peak Green	Sunlu Silk (Silver)			282
Esun Peak Green	Sunlu Silk (Light Gold)			335
Esun Peak Green	Sunlu Silk (Pink)			337
Esun Peak Green	Sunlu Silk (Purple)			331
Esun Peak Green	Sunlu Silk (Red Copper)			302
Esun Peak Green	Sunlu Silk (Red)			348
Esun Peak Green	Sunlu Silk (Black)			233
Esun Peak Green	Sunlu Silk (Orange)			336
Esun Peak Green	Sunlu Silk (White)			427
Esun Peak Green	Eryone Silk (RYB)			355
Esun Peak Green	Eryone Silk (RPG)			331
Esun Peak Green	Voxel Silk (Sky Blue)			286
Esun Pine Green	Esun Black	TRUE	110	167
Esun Pine Green	Esun Light Blue	TRUE	200	508
Esun Pine Green	Esun Matcha Green	TRUE	240	510
Esun Pine Green	Esun Gray	TRUE	205	280
Esun Pine Green	Esun Pink	TRUE	230	542
Esun Pine Green	Esun Space Blue	TRUE	165	520
Esun Pine Green	Esun Red	TRUE	170	385
Esun Pine Green	Esun Brown	TRUE	195	251
Esun Pine Green	Sunlu Gray	TRUE	275	408
Esun Pine Green	Voxel Ziro Brown	TRUE	205	458
Esun Pine Green	Esun Orange	TRUE	210	523
Esun Pine Green	Esun Cold White	TRUE	220	593
Esun Pine Green	Esun Baby Pink	TRUE	295	550
Esun Pine Green	Esun Beige	TRUE	275	554
Esun Pine Green	Esun Blue			265
Esun Pine Green	Esun Bone White	TRUE	325	502
Esun Pine Green	Esun Dark Blue			194
Esun Pine Green	Esun Fire Engine Red			237
Esun Pine Green	Esun Gold			508
Esun Pine Green	Esun Haze Blue			385
Esun Pine Green	Esun Jade Green			431
Esun Pine Green	Esun Light Brown	TRUE	200	380
Esun Pine Green	Esun Magenta			357
Esun Pine Green	Esun Olive Green	TRUE	180	276
Esun Pine Green	Esun Peak Green	TRUE	230	494
Esun Pine Green	Esun Green	TRUE	160	171
Esun Pine Green	Esun Purple			239
Esun Pine Green	Esun Silver			410
Esun Pine Green	Esun Very Perri			449
Esun Pine Green	Esun Warm White			576
Esun Pine Green	Esun Yellow		300	600
Esun Pine Green	Sunlu Mint Green	TRUE	230	397
Esun Pine Green	Sunlu Silk (Blue)			367
Esun Pine Green	Sunlu Silk (Bronze)			350
Esun Pine Green	Sunlu Silk (Silver)			412
Esun Pine Green	Sunlu Silk (Light Gold)			586
Esun Pine Green	Sunlu Silk (Pink)			540
Esun Pine Green	Sunlu Silk (Purple)			502
Esun Pine Green	Sunlu Silk (Red Copper)			369
Esun Pine Green	Sunlu Silk (Red)			287
Esun Pine Green	Sunlu Silk (Black)			167
Esun Pine Green	Sunlu Silk (Orange)			428
Esun Pine Green	Sunlu Silk (White)			575
Esun Pine Green	Eryone Silk (RYB)			383
Esun Pine Green	Eryone Silk (RPG)			395
Esun Pine Green	Voxel Silk (Sky Blue)			341
Esun Pink	Esun Gold	TRUE	110	319
Esun Pink	Esun Black	TRUE	115	222
Esun Pink	Esun Gray	TRUE	115	235
Esun Pink	Esun Brown	TRUE	120	251
Esun Pink	Esun Fire Engine Red	TRUE	120	259
Esun Pink	Esun Pine Green	TRUE	120	270
Esun Pink	Esun Green	TRUE	120	258
Esun Pink	Esun Very Perri	TRUE	120	227
Esun Pink	Esun Yellow	TRUE	120	482
Esun Pink	Esun Matcha Green	TRUE	170	414
Esun Pink	Sunlu Mint Green	TRUE	150	306
Esun Pink	Esun Cold White	TRUE	210	418
Esun Pink	Esun Baby Pink			310
Esun Pink	Esun Beige	TRUE	220	381
Esun Pink	Esun Blue	TRUE	110	278
Esun Pink	Esun Bone White		195	323
Esun Pink	Esun Dark Blue			245
Esun Pink	Esun Haze Blue			238
Esun Pink	Esun Jade Green			318
Esun Pink	Esun Light Blue			333
Esun Pink	Esun Light Brown			288
Esun Pink	Esun Magenta			231
Esun Pink	Esun Olive Green	TRUE	125	271
Esun Pink	Esun Orange	TRUE	120	341
Esun Pink	Esun Peak Green	TRUE	210	420
Esun Pink	Esun Purple			178
Esun Pink	Esun Red			324
Esun Pink	Esun Silver	TRUE	200	225
Esun Pink	Esun Space Blue	TRUE	180	360
Esun Pink	Esun Warm White		300	401
Esun Pink	Voxel Ziro Brown			268
Esun Pink	Sunlu Gray			225
Esun Pink	Sunlu Silk (Blue)			307
Esun Pink	Sunlu Silk (Bronze)			261
Esun Pink	Sunlu Silk (Silver)			225
Esun Pink	Sunlu Silk (Light Gold)			469
Esun Pink	Sunlu Silk (Pink)			167
Esun Pink	Sunlu Silk (Purple)			167
Esun Pink	Sunlu Silk (Red Copper)			261
Esun Pink	Sunlu Silk (Red)			311
Esun Pink	Sunlu Silk (Black)			231
Esun Pink	Sunlu Silk (Orange)			312
Esun Pink	Sunlu Silk (White)			396
Esun Pink	Eryone Silk (RYB)			258
Esun Pink	Eryone Silk (RPG)			224
Esun Pink	Voxel Silk (Sky Blue)			285
Esun Purple	Esun Black	TRUE	120	167
Esun Purple	Esun Very Perri	TRUE	175	429
Esun Purple	Esun Olive Green	TRUE	130	447
Esun Purple	Esun Peak Green	TRUE	160	661
Esun Purple	Esun Orange	TRUE	140	592
Esun Purple	Esun Yellow	TRUE	140	706
Esun Purple	Esun Space Blue	TRUE	200	609
Esun Purple	Esun Beige	TRUE	200	645
Esun Purple	Esun Cold White	TRUE	350	661
Esun Purple	Esun Baby Pink			589
Esun Purple	Esun Blue			224
Esun Purple	Esun Bone White		180	600
Esun Purple	Esun Brown	TRUE	155	363
Esun Purple	Esun Dark Blue			203
Esun Purple	Esun Fire Engine Red			246
Esun Purple	Esun Gold			630
Esun Purple	Esun Gray			375
Esun Purple	Esun Haze Blue			454
Esun Purple	Esun Jade Green			585
Esun Purple	Esun Light Blue			604
Esun Purple	Esun Light Brown		180	480
Esun Purple	Esun Magenta	TRUE	210	320
Esun Purple	Esun Matcha Green		285	676
Esun Purple	Esun Pine Green			391
Esun Purple	Esun Green			327
Esun Purple	Esun Pink			470
Esun Purple	Esun Red			407
Esun Purple	Esun Silver		240	489
Esun Purple	Esun Warm White	TRUE	320	650
Esun Purple	Voxel Ziro Brown			551
Esun Purple	Sunlu Gray	TRUE	300	487
Esun Purple	Sunlu Mint Green			538
Esun Purple	Sunlu Silk (Blue)			456
Esun Purple	Sunlu Silk (Bronze)			483
Esun Purple	Sunlu Silk (Silver)			491
Esun Purple	Sunlu Silk (Light Gold)			721
Esun Purple	Sunlu Silk (Pink)			468
Esun Purple	Sunlu Silk (Purple)			437
Esun Purple	Sunlu Silk (Red Copper)			446
Esun Purple	Sunlu Silk (Red)			387
Esun Purple	Sunlu Silk (Black)			176
Esun Purple	Sunlu Silk (Orange)			478
Esun Purple	Sunlu Silk (White)			644
Esun Purple	Eryone Silk (RYB)			269
Esun Purple	Eryone Silk (RPG)			306
Esun Purple	Voxel Silk (Sky Blue)			464
Esun Red	Esun Fire Engine Red	TRUE	110	206
Esun Red	Esun Blue	TRUE	135	307
Esun Red	Esun Black	TRUE	140	197
Esun Red	Esun Pine Green	TRUE	145	251
Esun Red	Esun Brown	TRUE	160	329
Esun Red	Sunlu Mint Green	TRUE	160	521
Esun Red	Esun Orange	TRUE	170	423
Esun Red	Esun Jade Green	TRUE	180	545
Esun Red	Esun Light Blue	TRUE	255	592
Esun Red	Esun Peak Green	TRUE	360	625
Esun Red	Esun Bone White	TRUE	270	594
Esun Red	Esun Gray	TRUE	280	408
Esun Red	Esun Silver	TRUE	240	522
Esun Red	Esun Matcha Green	TRUE	240	629
Esun Red	Esun Warm White	TRUE	300	676
Esun Red	Esun Cold White	TRUE	290	693
Esun Red	Esun Baby Pink			589
Esun Red	Esun Beige		350	613
Esun Red	Esun Dark Blue			235
Esun Red	Esun Gold	TRUE	255	499
Esun Red	Esun Haze Blue	TRUE	320	528
Esun Red	Esun Light Brown	TRUE	210	370
Esun Red	Esun Magenta			210
Esun Red	Esun Olive Green			426
Esun Red	Esun Green	TRUE	200	239
Esun Red	Esun Pink			540
Esun Red	Esun Purple			281
Esun Red	Esun Space Blue			609
Esun Red	Esun Very Perri	TRUE	220	534
Esun Red	Esun Yellow	TRUE	325	621
Esun Red	Voxel Ziro Brown		180	472
Esun Red	Sunlu Gray			520
Esun Red	Sunlu Silk (Blue)			470
Esun Red	Sunlu Silk (Bronze)			490
Esun Red	Sunlu Silk (Silver)			524
Esun Red	Sunlu Silk (Light Gold)			624
Esun Red	Sunlu Silk (Pink)			538
Esun Red	Sunlu Silk (Purple)			535
Esun Red	Sunlu Silk (Red Copper)			353
Esun Red	Sunlu Silk (Red)			167
Esun Red	Sunlu Silk (Black)			209
Esun Red	Sunlu Silk (Orange)			281
Esun Red	Sunlu Silk (White)			676
Esun Red	Eryone Silk (RYB)			337
Esun Red	Eryone Silk (RPG)			260
Esun Red	Voxel Silk (Sky Blue)			505
Esun Silver	Esun Peak Green	TRUE	100	387
Esun Silver	Esun Magenta	TRUE	110	289
Esun Silver	Esun Cold White	TRUE	140	393
Esun Silver	Esun Black	TRUE	190	167
Esun Silver	Esun Orange	TRUE	190	308
Esun Silver	Esun Red	TRUE	190	321
Esun Silver	Esun Baby Pink			338
Esun Silver	Esun Beige	TRUE	145	376
Esun Silver	Esun Blue			287
Esun Silver	Esun Bone White	TRUE	135	308
Esun Silver	Esun Brown	TRUE	150	176
Esun Silver	Esun Dark Blue			197
Esun Silver	Esun Fire Engine Red			263
Esun Silver	Esun Gold			339
Esun Silver	Esun Gray			167
Esun Silver	Esun Haze Blue			167
Esun Silver	Esun Jade Green			285
Esun Silver	Esun Light Blue			344
Esun Silver	Esun Light Brown		135	239
Esun Silver	Esun Matcha Green			380
Esun Silver	Esun Olive Green	TRUE	130	182
Esun Silver	Esun Pine Green			208
Esun Silver	Esun Green	TRUE	130	189
Esun Silver	Esun Pink	TRUE	175	296
Esun Silver	Esun Purple		110	263
Esun Silver	Esun Space Blue		105	355
Esun Silver	Esun Very Perri			223
Esun Silver	Esun Warm White	TRUE	160	378
Esun Silver	Esun Yellow		150	473
Esun Silver	Voxel Ziro Brown	TRUE	120	243
Esun Silver	Sunlu Gray			167
Esun Silver	Sunlu Mint Green			272
Esun Silver	Sunlu Silk (Blue)			274
Esun Silver	Sunlu Silk (Bronze)			167
Esun Silver	Sunlu Silk (Silver)			167
Esun Silver	Sunlu Silk (Light Gold)			452
Esun Silver	Sunlu Silk (Pink)			293
Esun Silver	Sunlu Silk (Purple)			239
Esun Silver	Sunlu Silk (Red Copper)			223
Esun Silver	Sunlu Silk (Red)			314
Esun Silver	Sunlu Silk (Black)			167
Esun Silver	Sunlu Silk (Orange)			302
Esun Silver	Sunlu Silk (White)			372
Esun Silver	Eryone Silk (RYB)			321
Esun Silver	Eryone Silk (RPG)			297
Esun Silver	Voxel Silk (Sky Blue)			193
Esun Space Blue	Esun Orange	TRUE	135	342
Esun Space Blue	Esun Pine Green	TRUE	135	271
Esun Space Blue	Esun Beige	TRUE	150	455
Esun Space Blue	Esun Purple	TRUE	150	301
Esun Space Blue	Esun Brown	TRUE	155	268
Esun Space Blue	Esun Yellow	TRUE	160	476
Esun Space Blue	Esun Baby Pink			418
Esun Space Blue	Esun Black	TRUE	145	222
Esun Space Blue	Esun Blue			276
Esun Space Blue	Esun Bone White	TRUE	170	379
Esun Space Blue	Esun Cold White	TRUE	170	457
Esun Space Blue	Esun Dark Blue			258
Esun Space Blue	Esun Fire Engine Red			299
Esun Space Blue	Esun Gold		150	320
Esun Space Blue	Esun Gray	TRUE	135	258
Esun Space Blue	Esun Haze Blue	TRUE	150	243
Esun Space Blue	Esun Jade Green			190
Esun Space Blue	Esun Light Blue			167
Esun Space Blue	Esun Light Brown			300
Esun Space Blue	Esun Magenta			323
Esun Space Blue	Esun Matcha Green	TRUE	160	427
Esun Space Blue	Esun Olive Green	TRUE	130	271
Esun Space Blue	Esun Peak Green			394
Esun Space Blue	Esun Green	TRUE	125	245
Esun Space Blue	Esun Pink	TRUE	200	337
Esun Space Blue	Esun Red			355
Esun Space Blue	Esun Silver		150	281
Esun Space Blue	Esun Very Perri			250
Esun Space Blue	Esun Warm White	TRUE	255	442
Esun Space Blue	Voxel Ziro Brown			312
Esun Space Blue	Sunlu Gray			281
Esun Space Blue	Sunlu Mint Green			167
Esun Space Blue	Sunlu Silk (Blue)			167
Esun Space Blue	Sunlu Silk (Bronze)			280
Esun Space Blue	Sunlu Silk (Silver)			282
Esun Space Blue	Sunlu Silk (Light Gold)			495
Esun Space Blue	Sunlu Silk (Pink)			337
Esun Space Blue	Sunlu Silk (Purple)			318
Esun Space Blue	Sunlu Silk (Red Copper)			302
Esun Space Blue	Sunlu Silk (Red)			348
Esun Space Blue	Sunlu Silk (Black)			232
Esun Space Blue	Sunlu Silk (Orange)			335
Esun Space Blue	Sunlu Silk (White)			437
Esun Space Blue	Eryone Silk (RYB)			355
Esun Space Blue	Eryone Silk (RPG)			330
Esun Space Blue	Voxel Silk (Sky Blue)			211
Esun Very Perri	Esun Yellow	TRUE	100	556
Esun Very Perri	Sunlu Gray	TRUE	110	271
Esun Very Perri	Esun Cold White	TRUE	120	494
Esun Very Perri	Esun Green	TRUE	135	238
Esun Very Perri	Esun Purple	TRUE	120	219
Esun Very Perri	Esun Black	TRUE	130	212
Esun Very Perri	Esun Brown	TRUE	130	260
Esun Very Perri	Esun Gray	TRUE	220	228
Esun Very Perri	Esun Olive Green	TRUE	130	264
Esun Very Perri	Esun Orange	TRUE	135	416
Esun Very Perri	Esun Pink	TRUE	150	334
Esun Very Perri	Esun Bone White	TRUE	165	427
Esun Very Perri	Esun Baby Pink			436
Esun Very Perri	Esun Beige		260	492
Esun Very Perri	Esun Blue			173
Esun Very Perri	Esun Dark Blue			190
Esun Very Perri	Esun Fire Engine Red			291
Esun Very Perri	Esun Gold			466
Esun Very Perri	Esun Haze Blue			184
Esun Very Perri	Esun Jade Green			324
Esun Very Perri	Esun Light Blue	TRUE	240	349
Esun Very Perri	Esun Light Brown	TRUE	150	293
Esun Very Perri	Esun Magenta			315
Esun Very Perri	Esun Matcha Green			504
Esun Very Perri	Esun Peak Green			504
Esun Very Perri	Esun Pine Green			263
Esun Very Perri	Esun Red	TRUE	205	347
Esun Very Perri	Esun Silver			274
Esun Very Perri	Esun Space Blue			360
Esun Very Perri	Esun Warm White	TRUE	310	481
Esun Very Perri	Voxel Ziro Brown	TRUE	140	387
Esun Very Perri	Sunlu Mint Green			269
Esun Very Perri	Sunlu Silk (Blue)			228
Esun Very Perri	Sunlu Silk (Bronze)			254
Esun Very Perri	Sunlu Silk (Silver)			276
Esun Very Perri	Sunlu Silk (Light Gold)			574
Esun Very Perri	Sunlu Silk (Pink)			332
Esun Very Perri	Sunlu Silk (Purple)			267
Esun Very Perri	Sunlu Silk (Red Copper)			295
Esun Very Perri	Sunlu Silk (Red)			340
Esun Very Perri	Sunlu Silk (Black)			222
Esun Very Perri	Sunlu Silk (Orange)			328
Esun Very Perri	Sunlu Silk (White)			474
Esun Very Perri	Eryone Silk (RYB)			241
Esun Very Perri	Eryone Silk (RPG)			323
Esun Very Perri	Voxel Silk (Sky Blue)			216
Esun Warm White	Esun Peak Green	TRUE	115	295
Esun Warm White	Esun Red	TRUE	115	364
Esun Warm White	Esun Bone White	TRUE	135	167
Esun Warm White	Esun Baby Pink			167
Esun Warm White	Esun Beige	TRUE	110	171
Esun Warm White	Esun Black	TRUE	120	187
Esun Warm White	Esun Blue			312
Esun Warm White	Esun Brown	TRUE	110	193
Esun Warm White	Esun Cold White	TRUE	120	167
Esun Warm White	Esun Dark Blue			226
Esun Warm White	Esun Fire Engine Red			280
Esun Warm White	Esun Gold			292
Esun Warm White	Esun Gray			167
Esun Warm White	Esun Haze Blue	TRUE	110	182
Esun Warm White	Esun Jade Green			311
Esun Warm White	Esun Light Blue		120	308
Esun Warm White	Esun Light Brown	TRUE	100	251
Esun Warm White	Esun Magenta			308
Esun Warm White	Esun Matcha Green			225
Esun Warm White	Esun Olive Green			197
Esun Warm White	Esun Orange			347
Esun Warm White	Esun Pine Green			226
Esun Warm White	Esun Green	TRUE	125	213
Esun Warm White	Esun Pink	TRUE	110	236
Esun Warm White	Esun Purple	TRUE	110	287
Esun Warm White	Esun Silver	TRUE	120	167
Esun Warm White	Esun Space Blue	TRUE	120	293
Esun Warm White	Esun Very Perri	TRUE	120	247
Esun Warm White	Esun Yellow			318
Esun Warm White	Voxel Ziro Brown			222
Esun Warm White	Sunlu Gray	TRUE	130	167
Esun Warm White	Sunlu Mint Green			291
Esun Warm White	Sunlu Silk (Blue)			296
Esun Warm White	Sunlu Silk (Bronze)			167
Esun Warm White	Sunlu Silk (Silver)			167
Esun Warm White	Sunlu Silk (Light Gold)			270
Esun Warm White	Sunlu Silk (Pink)			236
Esun Warm White	Sunlu Silk (Purple)			227
Esun Warm White	Sunlu Silk (Red Copper)			237
Esun Warm White	Sunlu Silk (Red)			353
Esun Warm White	Sunlu Silk (Black)			178
Esun Warm White	Sunlu Silk (Orange)			320
Esun Warm White	Sunlu Silk (White)			167
Esun Warm White	Eryone Silk (RYB)			357
Esun Warm White	Eryone Silk (RPG)			332
Esun Warm White	Voxel Silk (Sky Blue)			214
Esun Yellow	Esun Black	TRUE	170	227
Esun Yellow	Esun Gold	TRUE	110	169
Esun Yellow	Esun Orange	TRUE	150	224
Esun Yellow	Sunlu Gray	TRUE	110	287
Esun Yellow	Esun Fire Engine Red	TRUE	115	306
Esun Yellow	Esun Jade Green	TRUE	200	324
Esun Yellow	Esun Green	TRUE	120	266
Esun Yellow	Esun Purple	TRUE	120	308
Esun Yellow	Esun Very Perri	TRUE	120	349
Esun Yellow	Esun Matcha Green	TRUE	180	220
Esun Yellow	Esun Pink	TRUE	155	342
Esun Yellow	Esun Light Blue	TRUE	160	338
Esun Yellow	Esun Beige	TRUE	180	290
Esun Yellow	Esun Cold White	TRUE	475	416
Esun Yellow	Esun Space Blue		280	342
Esun Yellow	Esun Baby Pink			306
Esun Yellow	Esun Blue	TRUE	135	333
Esun Yellow	Esun Bone White	TRUE	370	282
Esun Yellow	Esun Brown	TRUE	170	274
Esun Yellow	Esun Dark Blue			266
Esun Yellow	Esun Gray			265
Esun Yellow	Esun Haze Blue		400	299
Esun Yellow	Esun Light Brown	TRUE	120	240
Esun Yellow	Esun Magenta			329
Esun Yellow	Esun Olive Green	TRUE	120	277
Esun Yellow	Esun Peak Green	TRUE	140	246
Esun Yellow	Esun Pine Green	TRUE	130	277
Esun Yellow	Esun Red	TRUE	120	345
Esun Yellow	Esun Silver	TRUE	270	287
Esun Yellow	Esun Warm White			390
Esun Yellow	Voxel Ziro Brown	TRUE	140	242
Esun Yellow	Sunlu Mint Green		350	312
Esun Yellow	Sunlu Silk (Blue)			314
Esun Yellow	Sunlu Silk (Bronze)			286
Esun Yellow	Sunlu Silk (Silver)			287
Esun Yellow	Sunlu Silk (Light Gold)			195
Esun Yellow	Sunlu Silk (Pink)			342
Esun Yellow	Sunlu Silk (Purple)			336
Esun Yellow	Sunlu Silk (Red Copper)			269
Esun Yellow	Sunlu Silk (Red)			345
Esun Yellow	Sunlu Silk (Black)			240
Esun Yellow	Sunlu Silk (Orange)			281
Esun Yellow	Sunlu Silk (White)			393
Esun Yellow	Eryone Silk (RYB)			361
Esun Yellow	Eryone Silk (RPG)			337
Esun Yellow	Voxel Silk (Sky Blue)			291
Sunlu Gray	Esun Black	TRUE	100	167
Sunlu Gray	Esun Very Perri	TRUE	100	223
Sunlu Gray	Esun Pine Green	TRUE	120	208
Sunlu Gray	Esun Yellow	TRUE	120	475
Sunlu Gray	Voxel Ziro Brown	TRUE	130	246
Sunlu Gray	Esun Cold White	TRUE	200	395
Sunlu Gray	Esun Baby Pink			340
Sunlu Gray	Esun Beige			379
Sunlu Gray	Esun Blue			287
Sunlu Gray	Esun Bone White		210	310
Sunlu Gray	Esun Brown		130	176
Sunlu Gray	Esun Dark Blue			197
Sunlu Gray	Esun Fire Engine Red			263
Sunlu Gray	Esun Gold			341
Sunlu Gray	Esun Gray			167
Sunlu Gray	Esun Haze Blue			167
Sunlu Gray	Esun Jade Green	TRUE	150	285
Sunlu Gray	Esun Light Blue			347
Sunlu Gray	Esun Light Brown			239
Sunlu Gray	Esun Magenta			289
Sunlu Gray	Esun Matcha Green			382
Sunlu Gray	Esun Olive Green			181
Sunlu Gray	Esun Orange			308
Sunlu Gray	Esun Peak Green		170	390
Sunlu Gray	Esun Green			189
Sunlu Gray	Esun Pink			299
Sunlu Gray	Esun Purple		110	263
Sunlu Gray	Esun Red			321
Sunlu Gray	Esun Silver			167
Sunlu Gray	Esun Space Blue			358
Sunlu Gray	Esun Warm White		190	380
Sunlu Gray	Sunlu Mint Green			272
Sunlu Gray	Sunlu Silk (Blue)			274
Sunlu Gray	Sunlu Silk (Bronze)			167
Sunlu Gray	Sunlu Silk (Silver)			167
Sunlu Gray	Sunlu Silk (Light Gold)			454
Sunlu Gray	Sunlu Silk (Pink)			296
Sunlu Gray	Sunlu Silk (Purple)			242
Sunlu Gray	Sunlu Silk (Red Copper)			223
Sunlu Gray	Sunlu Silk (Red)			313
Sunlu Gray	Sunlu Silk (Black)			167
Sunlu Gray	Sunlu Silk (Orange)			301
Sunlu Gray	Sunlu Silk (White)			375
Sunlu Gray	Eryone Silk (RYB)			321
Sunlu Gray	Eryone Silk (RPG)			296
Sunlu Gray	Voxel Silk (Sky Blue)			193
Sunlu Mint Green	Esun Fire Engine Red	TRUE	90	271
Sunlu Mint Green	Esun Red	TRUE	100	328
Sunlu Mint Green	Esun Black	TRUE	120	193
Sunlu Mint Green	Esun Gray	TRUE	120	231
Sunlu Mint Green	Esun Brown	TRUE	125	240
Sunlu Mint Green	Voxel Ziro Brown	TRUE	130	439
Sunlu Mint Green	Esun Cold White	TRUE	155	541
Sunlu Mint Green	Esun Pink	TRUE	160	470
Sunlu Mint Green	Esun Baby Pink			509
Sunlu Mint Green	Esun Beige			533
Sunlu Mint Green	Esun Blue			299
Sunlu Mint Green	Esun Bone White	TRUE	190	467
Sunlu Mint Green	Esun Dark Blue			229
Sunlu Mint Green	Esun Gold			480
Sunlu Mint Green	Esun Haze Blue			258
Sunlu Mint Green	Esun Jade Green			197
Sunlu Mint Green	Esun Light Blue			286
Sunlu Mint Green	Esun Light Brown			273
Sunlu Mint Green	Esun Magenta			295
Sunlu Mint Green	Esun Matcha Green			496
Sunlu Mint Green	Esun Olive Green			244
Sunlu Mint Green	Esun Orange			433
Sunlu Mint Green	Esun Peak Green			460
Sunlu Mint Green	Esun Pine Green	TRUE	120	243
Sunlu Mint Green	Esun Green			217
Sunlu Mint Green	Esun Purple			273
Sunlu Mint Green	Esun Silver			336
Sunlu Mint Green	Esun Space Blue			309
Sunlu Mint Green	Esun Very Perri			294
Sunlu Mint Green	Esun Warm White			527
Sunlu Mint Green	Esun Yellow		190	569
Sunlu Mint Green	Sunlu Gray			334
Sunlu Mint Green	Sunlu Silk (Blue)			173
Sunlu Mint Green	Sunlu Silk (Bronze)			284
Sunlu Mint Green	Sunlu Silk (Silver)			339
Sunlu Mint Green	Sunlu Silk (Light Gold)			586
Sunlu Mint Green	Sunlu Silk (Pink)			468
Sunlu Mint Green	Sunlu Silk (Purple)			410
Sunlu Mint Green	Sunlu Silk (Red Copper)			275
Sunlu Mint Green	Sunlu Silk (Red)			320
Sunlu Mint Green	Sunlu Silk (Black)			203
Sunlu Mint Green	Sunlu Silk (Orange)			308
Sunlu Mint Green	Sunlu Silk (White)			523
Sunlu Mint Green	Eryone Silk (RYB)			328
Sunlu Mint Green	Eryone Silk (RPG)			303
Sunlu Mint Green	Voxel Silk (Sky Blue)			189
Sunlu Silk (Black)	Esun Baby Pink			583
Sunlu Silk (Black)	Esun Beige			614
Sunlu Silk (Black)	Esun Black			167
Sunlu Silk (Black)	Esun Blue			304
Sunlu Silk (Black)	Esun Bone White			561
Sunlu Silk (Black)	Esun Brown			338
Sunlu Silk (Black)	Esun Cold White			620
Sunlu Silk (Black)	Esun Dark Blue			167
Sunlu Silk (Black)	Esun Fire Engine Red			294
Sunlu Silk (Black)	Esun Gold			596
Sunlu Silk (Black)	Esun Gray			338
Sunlu Silk (Black)	Esun Haze Blue			445
Sunlu Silk (Black)	Esun Jade Green			556
Sunlu Silk (Black)	Esun Light Blue			600
Sunlu Silk (Black)	Esun Light Brown			460
Sunlu Silk (Black)	Esun Magenta			404
Sunlu Silk (Black)	Esun Matcha Green			620
Sunlu Silk (Black)	Esun Olive Green			395
Sunlu Silk (Black)	Esun Orange			598
Sunlu Silk (Black)	Esun Peak Green			631
Sunlu Silk (Black)	Esun Pine Green			332
Sunlu Silk (Black)	Esun Green			293
Sunlu Silk (Black)	Esun Pink			561
Sunlu Silk (Black)	Esun Purple			322
Sunlu Silk (Black)	Esun Red			454
Sunlu Silk (Black)	Esun Silver			450
Sunlu Silk (Black)	Esun Space Blue			607
Sunlu Silk (Black)	Esun Very Perri			492
Sunlu Silk (Black)	Esun Warm White			609
Sunlu Silk (Black)	Esun Yellow			698
Sunlu Silk (Black)	Voxel Ziro Brown			528
Sunlu Silk (Black)	Sunlu Gray			448
Sunlu Silk (Black)	Sunlu Mint Green			514
Sunlu Silk (Black)	Sunlu Silk (Blue)			464
Sunlu Silk (Black)	Sunlu Silk (Bronze)			436
Sunlu Silk (Black)	Sunlu Silk (Silver)			452
Sunlu Silk (Black)	Sunlu Silk (Light Gold)			679
Sunlu Silk (Black)	Sunlu Silk (Pink)			559
Sunlu Silk (Black)	Sunlu Silk (Purple)			525
Sunlu Silk (Black)	Sunlu Silk (Red Copper)			438
Sunlu Silk (Black)	Sunlu Silk (Red)			437
Sunlu Silk (Black)	Sunlu Silk (Orange)			491
Sunlu Silk (Black)	Sunlu Silk (White)			603
Sunlu Silk (Black)	Eryone Silk (RYB)			439
Sunlu Silk (Black)	Eryone Silk (RPG)			428
Sunlu Silk (Black)	Voxel Silk (Sky Blue)			440
Sunlu Silk (Blue)	Esun Baby Pink			552
Sunlu Silk (Blue)	Esun Beige			586
Sunlu Silk (Blue)	Esun Black			185
Sunlu Silk (Blue)	Esun Blue			242
Sunlu Silk (Blue)	Esun Bone White			523
Sunlu Silk (Blue)	Esun Brown			234
Sunlu Silk (Blue)	Esun Cold White			585
Sunlu Silk (Blue)	Esun Dark Blue			222
Sunlu Silk (Blue)	Esun Fire Engine Red			265
Sunlu Silk (Blue)	Esun Gold			530
Sunlu Silk (Blue)	Esun Gray			225
Sunlu Silk (Blue)	Esun Haze Blue			317
Sunlu Silk (Blue)	Esun Jade Green			317
Sunlu Silk (Blue)	Esun Light Blue			337
Sunlu Silk (Blue)	Esun Light Brown			419
Sunlu Silk (Blue)	Esun Magenta			290
Sunlu Silk (Blue)	Esun Matcha Green			569
Sunlu Silk (Blue)	Esun Olive Green			306
Sunlu Silk (Blue)	Esun Orange			487
Sunlu Silk (Blue)	Esun Peak Green			551
Sunlu Silk (Blue)	Esun Pine Green			237
Sunlu Silk (Blue)	Esun Green			223
Sunlu Silk (Blue)	Esun Pink			495
Sunlu Silk (Blue)	Esun Purple			267
Sunlu Silk (Blue)	Esun Red			322
Sunlu Silk (Blue)	Esun Silver			394
Sunlu Silk (Blue)	Esun Space Blue			350
Sunlu Silk (Blue)	Esun Very Perri			321
Sunlu Silk (Blue)	Esun Warm White			572
Sunlu Silk (Blue)	Esun Yellow			614
Sunlu Silk (Blue)	Voxel Ziro Brown			501
Sunlu Silk (Blue)	Sunlu Gray			392
Sunlu Silk (Blue)	Sunlu Mint Green			258
Sunlu Silk (Blue)	Sunlu Silk (Bronze)			363
Sunlu Silk (Blue)	Sunlu Silk (Silver)			396
Sunlu Silk (Blue)	Sunlu Silk (Light Gold)			630
Sunlu Silk (Blue)	Sunlu Silk (Pink)			493
Sunlu Silk (Blue)	Sunlu Silk (Purple)			437
Sunlu Silk (Blue)	Sunlu Silk (Red Copper)			401
Sunlu Silk (Blue)	Sunlu Silk (Red)			314
Sunlu Silk (Blue)	Sunlu Silk (Black)			196
Sunlu Silk (Blue)	Sunlu Silk (Orange)			385
Sunlu Silk (Blue)	Sunlu Silk (White)			567
Sunlu Silk (Blue)	Eryone Silk (RYB)			322
Sunlu Silk (Blue)	Eryone Silk (RPG)			297
Sunlu Silk (Blue)	Voxel Silk (Sky Blue)			255
Sunlu Silk (Bronze)	Esun Baby Pink			389
Sunlu Silk (Bronze)	Esun Beige			405
Sunlu Silk (Bronze)	Esun Black			176
Sunlu Silk (Bronze)	Esun Blue			287
Sunlu Silk (Bronze)	Esun Bone White			341
Sunlu Silk (Bronze)	Esun Brown			167
Sunlu Silk (Bronze)	Esun Cold White			449
Sunlu Silk (Bronze)	Esun Dark Blue			218
Sunlu Silk (Bronze)	Esun Fire Engine Red			259
Sunlu Silk (Bronze)	Esun Gold			361
Sunlu Silk (Bronze)	Esun Gray			167
Sunlu Silk (Bronze)	Esun Haze Blue			189
Sunlu Silk (Bronze)	Esun Jade Green			316
Sunlu Silk (Bronze)	Esun Light Blue			393
Sunlu Silk (Bronze)	Esun Light Brown			222
Sunlu Silk (Bronze)	Esun Magenta			284
Sunlu Silk (Bronze)	Esun Matcha Green			392
Sunlu Silk (Bronze)	Esun Olive Green			167
Sunlu Silk (Bronze)	Esun Orange			362
Sunlu Silk (Bronze)	Esun Peak Green			396
Sunlu Silk (Bronze)	Esun Pine Green			174
Sunlu Silk (Bronze)	Esun Green			185
Sunlu Silk (Bronze)	Esun Pink			369
Sunlu Silk (Bronze)	Esun Purple			262
Sunlu Silk (Bronze)	Esun Red			316
Sunlu Silk (Bronze)	Esun Silver			217
Sunlu Silk (Bronze)	Esun Space Blue			404
Sunlu Silk (Bronze)	Esun Very Perri			267
Sunlu Silk (Bronze)	Esun Warm White			429
Sunlu Silk (Bronze)	Esun Yellow			483
Sunlu Silk (Bronze)	Voxel Ziro Brown			284
Sunlu Silk (Bronze)	Sunlu Gray			213
Sunlu Silk (Bronze)	Sunlu Mint Green			268
Sunlu Silk (Bronze)	Sunlu Silk (Blue)			269
Sunlu Silk (Bronze)	Sunlu Silk (Silver)			220
Sunlu Silk (Bronze)	Sunlu Silk (Light Gold)			465
Sunlu Silk (Bronze)	Sunlu Silk (Pink)			367
Sunlu Silk (Bronze)	Sunlu Silk (Purple)			323
Sunlu Silk (Bronze)	Sunlu Silk (Red Copper)			215
Sunlu Silk (Bronze)	Sunlu Silk (Red)			309
Sunlu Silk (Bronze)	Sunlu Silk (Black)			168
Sunlu Silk (Bronze)	Sunlu Silk (Orange)			297
Sunlu Silk (Bronze)	Sunlu Silk (White)			429
Sunlu Silk (Bronze)	Eryone Silk (RYB)			316
Sunlu Silk (Bronze)	Eryone Silk (RPG)			291
Sunlu Silk (Bronze)	Voxel Silk (Sky Blue)			195
Sunlu Silk (Light Gold)	Esun Baby Pink			262
Sunlu Silk (Light Gold)	Esun Beige			211
Sunlu Silk (Light Gold)	Esun Black			227
Sunlu Silk (Light Gold)	Esun Blue			336
Sunlu Silk (Light Gold)	Esun Bone White			237
Sunlu Silk (Light Gold)	Esun Brown			253
Sunlu Silk (Light Gold)	Esun Cold White			351
Sunlu Silk (Light Gold)	Esun Dark Blue			269
Sunlu Silk (Light Gold)	Esun Fire Engine Red			289
Sunlu Silk (Light Gold)	Esun Gold			167
Sunlu Silk (Light Gold)	Esun Gray			268
Sunlu Silk (Light Gold)	Esun Haze Blue			302
Sunlu Silk (Light Gold)	Esun Jade Green			327
Sunlu Silk (Light Gold)	Esun Light Blue			341
Sunlu Silk (Light Gold)	Esun Light Brown			204
Sunlu Silk (Light Gold)	Esun Magenta			332
Sunlu Silk (Light Gold)	Esun Matcha Green			182
Sunlu Silk (Light Gold)	Esun Olive Green			238
Sunlu Silk (Light Gold)	Esun Orange			230
Sunlu Silk (Light Gold)	Esun Peak Green			231
Sunlu Silk (Light Gold)	Esun Pine Green			280
Sunlu Silk (Light Gold)	Esun Green			269
Sunlu Silk (Light Gold)	Esun Pink			345
Sunlu Silk (Light Gold)	Esun Purple			311
Sunlu Silk (Light Gold)	Esun Red			331
Sunlu Silk (Light Gold)	Esun Silver			286
Sunlu Silk (Light Gold)	Esun Space Blue			344
Sunlu Silk (Light Gold)	Esun Very Perri			351
Sunlu Silk (Light Gold)	Esun Warm White			323
Sunlu Silk (Light Gold)	Esun Yellow			167
Sunlu Silk (Light Gold)	Voxel Ziro Brown			201
Sunlu Silk (Light Gold)	Sunlu Gray			286
Sunlu Silk (Light Gold)	Sunlu Mint Green			315
Sunlu Silk (Light Gold)	Sunlu Silk (Blue)			317
Sunlu Silk (Light Gold)	Sunlu Silk (Bronze)			260
Sunlu Silk (Light Gold)	Sunlu Silk (Silver)			285
Sunlu Silk (Light Gold)	Sunlu Silk (Pink)			344
Sunlu Silk (Light Gold)	Sunlu Silk (Purple)			338
Sunlu Silk (Light Gold)	Sunlu Silk (Red Copper)			232
Sunlu Silk (Light Gold)	Sunlu Silk (Red)			328
Sunlu Silk (Light Gold)	Sunlu Silk (Black)			243
Sunlu Silk (Light Gold)	Sunlu Silk (Orange)			265
Sunlu Silk (Light Gold)	Sunlu Silk (White)			326
Sunlu Silk (Light Gold)	Eryone Silk (RYB)			364
Sunlu Silk (Light Gold)	Eryone Silk (RPG)			339
Sunlu Silk (Light Gold)	Voxel Silk (Sky Blue)			294
Sunlu Silk (Orange)	Esun Baby Pink			503
Sunlu Silk (Orange)	Esun Beige			518
Sunlu Silk (Orange)	Esun Black			198
Sunlu Silk (Orange)	Esun Blue			306
Sunlu Silk (Orange)	Esun Bone White			498
Sunlu Silk (Orange)	Esun Brown			248
Sunlu Silk (Orange)	Esun Cold White			608
Sunlu Silk (Orange)	Esun Dark Blue			236
Sunlu Silk (Orange)	Esun Fire Engine Red			186
Sunlu Silk (Orange)	Esun Gold			384
Sunlu Silk (Orange)	Esun Gray			239
Sunlu Silk (Orange)	Esun Haze Blue			428
Sunlu Silk (Orange)	Esun Jade Green			478
Sunlu Silk (Orange)	Esun Light Blue			530
Sunlu Silk (Orange)	Esun Light Brown			233
Sunlu Silk (Orange)	Esun Magenta			225
Sunlu Silk (Orange)	Esun Matcha Green			524
Sunlu Silk (Orange)	Esun Olive Green			285
Sunlu Silk (Orange)	Esun Orange			311
Sunlu Silk (Orange)	Esun Peak Green			541
Sunlu Silk (Orange)	Esun Pine Green			250
Sunlu Silk (Orange)	Esun Green			238
Sunlu Silk (Orange)	Esun Pink			470
Sunlu Silk (Orange)	Esun Purple			281
Sunlu Silk (Orange)	Esun Red			173
Sunlu Silk (Orange)	Esun Silver			422
Sunlu Silk (Orange)	Esun Space Blue			547
Sunlu Silk (Orange)	Esun Very Perri			466
Sunlu Silk (Orange)	Esun Warm White			590
Sunlu Silk (Orange)	Esun Yellow			515
Sunlu Silk (Orange)	Voxel Ziro Brown			360
Sunlu Silk (Orange)	Sunlu Gray			419
Sunlu Silk (Orange)	Sunlu Mint Green			451
Sunlu Silk (Orange)	Sunlu Silk (Blue)			289
Sunlu Silk (Orange)	Sunlu Silk (Bronze)			378
Sunlu Silk (Orange)	Sunlu Silk (Silver)			424
Sunlu Silk (Orange)	Sunlu Silk (Light Gold)			519
Sunlu Silk (Orange)	Sunlu Silk (Pink)			468
Sunlu Silk (Orange)	Sunlu Silk (Purple)			459
Sunlu Silk (Orange)	Sunlu Silk (Red Copper)			218
Sunlu Silk (Orange)	Sunlu Silk (Red)			170
Sunlu Silk (Orange)	Sunlu Silk (Black)			209
Sunlu Silk (Orange)	Sunlu Silk (White)			591
Sunlu Silk (Orange)	Eryone Silk (RYB)			336
Sunlu Silk (Orange)	Eryone Silk (RPG)			276
Sunlu Silk (Orange)	Voxel Silk (Sky Blue)			429
Sunlu Silk (Pink)	Esun Baby Pink			313
Sunlu Silk (Pink)	Esun Beige			384
Sunlu Silk (Pink)	Esun Black			221
Sunlu Silk (Pink)	Esun Blue			278
Sunlu Silk (Pink)	Esun Bone White			326
Sunlu Silk (Pink)	Esun Brown			250
Sunlu Silk (Pink)	Esun Cold White			420
Sunlu Silk (Pink)	Esun Dark Blue			245
Sunlu Silk (Pink)	Esun Fire Engine Red			259
Sunlu Silk (Pink)	Esun Gold			319
Sunlu Silk (Pink)	Esun Gray			235
Sunlu Silk (Pink)	Esun Haze Blue			237
Sunlu Silk (Pink)	Esun Jade Green			318
Sunlu Silk (Pink)	Esun Light Blue			332
Sunlu Silk (Pink)	Esun Light Brown			288
Sunlu Silk (Pink)	Esun Magenta			231
Sunlu Silk (Pink)	Esun Matcha Green			417
Sunlu Silk (Pink)	Esun Olive Green			270
Sunlu Silk (Pink)	Esun Orange			341
Sunlu Silk (Pink)	Esun Peak Green			423
Sunlu Silk (Pink)	Esun Pine Green			270
Sunlu Silk (Pink)	Esun Green			258
Sunlu Silk (Pink)	Esun Pink			167
Sunlu Silk (Pink)	Esun Purple			177
Sunlu Silk (Pink)	Esun Red			324
Sunlu Silk (Pink)	Esun Silver			225
Sunlu Silk (Pink)	Esun Space Blue			363
Sunlu Silk (Pink)	Esun Very Perri			227
Sunlu Silk (Pink)	Esun Warm White			404
Sunlu Silk (Pink)	Esun Yellow			484
Sunlu Silk (Pink)	Voxel Ziro Brown			268
Sunlu Silk (Pink)	Sunlu Gray			225
Sunlu Silk (Pink)	Sunlu Mint Green			305
Sunlu Silk (Pink)	Sunlu Silk (Blue)			307
Sunlu Silk (Pink)	Sunlu Silk (Bronze)			261
Sunlu Silk (Pink)	Sunlu Silk (Silver)			224
Sunlu Silk (Pink)	Sunlu Silk (Light Gold)			471
Sunlu Silk (Pink)	Sunlu Silk (Purple)			167
Sunlu Silk (Pink)	Sunlu Silk (Red Copper)			260
Sunlu Silk (Pink)	Sunlu Silk (Red)			311
Sunlu Silk (Pink)	Sunlu Silk (Black)			230
Sunlu Silk (Pink)	Sunlu Silk (Orange)			311
Sunlu Silk (Pink)	Sunlu Silk (White)			398
Sunlu Silk (Pink)	Eryone Silk (RYB)			258
Sunlu Silk (Pink)	Eryone Silk (RPG)			224
Sunlu Silk (Pink)	Voxel Silk (Sky Blue)			284
Sunlu Silk (Purple)	Esun Baby Pink			349
Sunlu Silk (Purple)	Esun Beige			416
Sunlu Silk (Purple)	Esun Black			214
Sunlu Silk (Purple)	Esun Blue			244
Sunlu Silk (Purple)	Esun Bone White			356
Sunlu Silk (Purple)	Esun Brown			248
Sunlu Silk (Purple)	Esun Cold White			439
Sunlu Silk (Purple)	Esun Dark Blue			215
Sunlu Silk (Purple)	Esun Fire Engine Red			277
Sunlu Silk (Purple)	Esun Gold			384
Sunlu Silk (Purple)	Esun Gray			219
Sunlu Silk (Purple)	Esun Haze Blue			210
Sunlu Silk (Purple)	Esun Jade Green			311
Sunlu Silk (Purple)	Esun Light Blue			360
Sunlu Silk (Purple)	Esun Light Brown			292
Sunlu Silk (Purple)	Esun Magenta			259
Sunlu Silk (Purple)	Esun Matcha Green			444
Sunlu Silk (Purple)	Esun Olive Green			263
Sunlu Silk (Purple)	Esun Orange			334
Sunlu Silk (Purple)	Esun Peak Green			456
Sunlu Silk (Purple)	Esun Pine Green			263
Sunlu Silk (Purple)	Esun Green			251
Sunlu Silk (Purple)	Esun Pink			205
Sunlu Silk (Purple)	Esun Purple			168
Sunlu Silk (Purple)	Esun Red			347
Sunlu Silk (Purple)	Esun Silver			209
Sunlu Silk (Purple)	Esun Space Blue			370
Sunlu Silk (Purple)	Esun Very Perri			192
Sunlu Silk (Purple)	Esun Warm White			424
Sunlu Silk (Purple)	Esun Yellow			513
Sunlu Silk (Purple)	Voxel Ziro Brown			275
Sunlu Silk (Purple)	Sunlu Gray			209
Sunlu Silk (Purple)	Sunlu Mint Green			299
Sunlu Silk (Purple)	Sunlu Silk (Blue)			300
Sunlu Silk (Purple)	Sunlu Silk (Bronze)			248
Sunlu Silk (Purple)	Sunlu Silk (Silver)			209
Sunlu Silk (Purple)	Sunlu Silk (Light Gold)			505
Sunlu Silk (Purple)	Sunlu Silk (Pink)			201
Sunlu Silk (Purple)	Sunlu Silk (Red Copper)			271
Sunlu Silk (Purple)	Sunlu Silk (Red)			337
Sunlu Silk (Purple)	Sunlu Silk (Black)			223
Sunlu Silk (Purple)	Sunlu Silk (Orange)			328
Sunlu Silk (Purple)	Sunlu Silk (White)			418
Sunlu Silk (Purple)	Eryone Silk (RYB)			243
Sunlu Silk (Purple)	Eryone Silk (RPG)			253
Sunlu Silk (Purple)	Voxel Silk (Sky Blue)			261
Sunlu Silk (Red Copper)	Esun Baby Pink			437
Sunlu Silk (Red Copper)	Esun Beige			450
Sunlu Silk (Red Copper)	Esun Black			185
Sunlu Silk (Red Copper)	Esun Blue			291
Sunlu Silk (Red Copper)	Esun Bone White			423
Sunlu Silk (Red Copper)	Esun Brown			168
Sunlu Silk (Red Copper)	Esun Cold White			537
Sunlu Silk (Red Copper)	Esun Dark Blue			221
Sunlu Silk (Red Copper)	Esun Fire Engine Red			169
Sunlu Silk (Red Copper)	Esun Gold			363
Sunlu Silk (Red Copper)	Esun Gray			219
Sunlu Silk (Red Copper)	Esun Haze Blue			337
Sunlu Silk (Red Copper)	Esun Jade Green			465
Sunlu Silk (Red Copper)	Esun Light Blue			518
Sunlu Silk (Red Copper)	Esun Light Brown			167
Sunlu Silk (Red Copper)	Esun Magenta			228
Sunlu Silk (Red Copper)	Esun Matcha Green			461
Sunlu Silk (Red Copper)	Esun Olive Green			205
Sunlu Silk (Red Copper)	Esun Orange			336
Sunlu Silk (Red Copper)	Esun Peak Green			480
Sunlu Silk (Red Copper)	Esun Pine Green			235
Sunlu Silk (Red Copper)	Esun Green			223
Sunlu Silk (Red Copper)	Esun Pink			416
Sunlu Silk (Red Copper)	Esun Purple			266
Sunlu Silk (Red Copper)	Esun Red			244
Sunlu Silk (Red Copper)	Esun Silver			336
Sunlu Silk (Red Copper)	Esun Space Blue			535
Sunlu Silk (Red Copper)	Esun Very Perri			390
Sunlu Silk (Red Copper)	Esun Warm White			518
Sunlu Silk (Red Copper)	Esun Yellow			496
Sunlu Silk (Red Copper)	Voxel Ziro Brown			294
Sunlu Silk (Red Copper)	Sunlu Gray			334
Sunlu Silk (Red Copper)	Sunlu Mint Green			425
Sunlu Silk (Red Copper)	Sunlu Silk (Blue)			274
Sunlu Silk (Red Copper)	Sunlu Silk (Bronze)			286
Sunlu Silk (Red Copper)	Sunlu Silk (Silver)			339
Sunlu Silk (Red Copper)	Sunlu Silk (Light Gold)			485
Sunlu Silk (Red Copper)	Sunlu Silk (Pink)			413
Sunlu Silk (Red Copper)	Sunlu Silk (Purple)			393
Sunlu Silk (Red Copper)	Sunlu Silk (Red)			236
Sunlu Silk (Red Copper)	Sunlu Silk (Black)			195
Sunlu Silk (Red Copper)	Sunlu Silk (Orange)			192
Sunlu Silk (Red Copper)	Sunlu Silk (White)			519
Sunlu Silk (Red Copper)	Eryone Silk (RYB)			321
Sunlu Silk (Red Copper)	Eryone Silk (RPG)			275
Sunlu Silk (Red Copper)	Voxel Silk (Sky Blue)			331
Sunlu Silk (Red)	Esun Baby Pink			586
Sunlu Silk (Red)	Esun Beige			611
Sunlu Silk (Red)	Esun Black			192
Sunlu Silk (Red)	Esun Blue			302
Sunlu Silk (Red)	Esun Bone White			591
Sunlu Silk (Red)	Esun Brown			327
Sunlu Silk (Red)	Esun Cold White			689
Sunlu Silk (Red)	Esun Dark Blue			231
Sunlu Silk (Red)	Esun Fire Engine Red			193
Sunlu Silk (Red)	Esun Gold			504
Sunlu Silk (Red)	Esun Gray			405
Sunlu Silk (Red)	Esun Haze Blue			524
Sunlu Silk (Red)	Esun Jade Green			551
Sunlu Silk (Red)	Esun Light Blue			598
Sunlu Silk (Red)	Esun Light Brown			372
Sunlu Silk (Red)	Esun Magenta			211
Sunlu Silk (Red)	Esun Matcha Green			629
Sunlu Silk (Red)	Esun Olive Green			424
Sunlu Silk (Red)	Esun Orange			432
Sunlu Silk (Red)	Esun Peak Green			630
Sunlu Silk (Red)	Esun Pine Green			390
Sunlu Silk (Red)	Esun Green			234
Sunlu Silk (Red)	Esun Pink			536
Sunlu Silk (Red)	Esun Purple			277
Sunlu Silk (Red)	Esun Red			167
Sunlu Silk (Red)	Esun Silver			518
Sunlu Silk (Red)	Esun Space Blue			615
Sunlu Silk (Red)	Esun Very Perri			540
Sunlu Silk (Red)	Esun Warm White			673
Sunlu Silk (Red)	Esun Yellow			625
Sunlu Silk (Red)	Voxel Ziro Brown			472
Sunlu Silk (Red)	Sunlu Gray			517
Sunlu Silk (Red)	Sunlu Mint Green			527
Sunlu Silk (Red)	Sunlu Silk (Blue)			476
Sunlu Silk (Red)	Sunlu Silk (Bronze)			488
Sunlu Silk (Red)	Sunlu Silk (Silver)			520
Sunlu Silk (Red)	Sunlu Silk (Light Gold)			626
Sunlu Silk (Red)	Sunlu Silk (Pink)			534
Sunlu Silk (Red)	Sunlu Silk (Purple)			530
Sunlu Silk (Red)	Sunlu Silk (Red Copper)			353
Sunlu Silk (Red)	Sunlu Silk (Black)			204
Sunlu Silk (Red)	Sunlu Silk (Orange)			287
Sunlu Silk (Red)	Sunlu Silk (White)			673
Sunlu Silk (Red)	Eryone Silk (RYB)			396
Sunlu Silk (Red)	Eryone Silk (RPG)			260
Sunlu Silk (Red)	Voxel Silk (Sky Blue)			512
Sunlu Silk (Silver)	Esun Baby Pink			335
Sunlu Silk (Silver)	Esun Beige			374
Sunlu Silk (Silver)	Esun Black			167
Sunlu Silk (Silver)	Esun Blue			287
Sunlu Silk (Silver)	Esun Bone White			305
Sunlu Silk (Silver)	Esun Brown			176
Sunlu Silk (Silver)	Esun Cold White			391
Sunlu Silk (Silver)	Esun Dark Blue			197
Sunlu Silk (Silver)	Esun Fire Engine Red			263
Sunlu Silk (Silver)	Esun Gold			336
Sunlu Silk (Silver)	Esun Gray			167
Sunlu Silk (Silver)	Esun Haze Blue			167
Sunlu Silk (Silver)	Esun Jade Green			286
Sunlu Silk (Silver)	Esun Light Blue			342
Sunlu Silk (Silver)	Esun Light Brown			239
Sunlu Silk (Silver)	Esun Magenta			290
Sunlu Silk (Silver)	Esun Matcha Green			377
Sunlu Silk (Silver)	Esun Olive Green			182
Sunlu Silk (Silver)	Esun Orange			309
Sunlu Silk (Silver)	Esun Peak Green			385
Sunlu Silk (Silver)	Esun Pine Green			208
Sunlu Silk (Silver)	Esun Green			189
Sunlu Silk (Silver)	Esun Pink			293
Sunlu Silk (Silver)	Esun Purple			263
Sunlu Silk (Silver)	Esun Red			322
Sunlu Silk (Silver)	Esun Silver			167
Sunlu Silk (Silver)	Esun Space Blue			353
Sunlu Silk (Silver)	Esun Very Perri			224
Sunlu Silk (Silver)	Esun Warm White			376
Sunlu Silk (Silver)	Esun Yellow			471
Sunlu Silk (Silver)	Voxel Ziro Brown			240
Sunlu Silk (Silver)	Sunlu Gray			167
Sunlu Silk (Silver)	Sunlu Mint Green			273
Sunlu Silk (Silver)	Sunlu Silk (Blue)			275
Sunlu Silk (Silver)	Sunlu Silk (Bronze)			167
Sunlu Silk (Silver)	Sunlu Silk (Light Gold)			450
Sunlu Silk (Silver)	Sunlu Silk (Pink)			291
Sunlu Silk (Silver)	Sunlu Silk (Purple)			236
Sunlu Silk (Silver)	Sunlu Silk (Red Copper)			224
Sunlu Silk (Silver)	Sunlu Silk (Red)			314
Sunlu Silk (Silver)	Sunlu Silk (Black)			167
Sunlu Silk (Silver)	Sunlu Silk (Orange)			302
Sunlu Silk (Silver)	Sunlu Silk (White)			370
Sunlu Silk (Silver)	Eryone Silk (RYB)			322
Sunlu Silk (Silver)	Eryone Silk (RPG)			297
Sunlu Silk (Silver)	Voxel Silk (Sky Blue)			193
Sunlu Silk (White)	Esun Baby Pink			167
Sunlu Silk (White)	Esun Beige			177
Sunlu Silk (White)	Esun Black			183
Sunlu Silk (White)	Esun Blue			306
Sunlu Silk (White)	Esun Bone White			167
Sunlu Silk (White)	Esun Brown			198
Sunlu Silk (White)	Esun Cold White			167
Sunlu Silk (White)	Esun Dark Blue			221
Sunlu Silk (White)	Esun Fire Engine Red			283
Sunlu Silk (White)	Esun Gold			298
Sunlu Silk (White)	Esun Gray			167
Sunlu Silk (White)	Esun Haze Blue			177
Sunlu Silk (White)	Esun Jade Green			309
Sunlu Silk (White)	Esun Light Blue			304
Sunlu Silk (White)	Esun Light Brown			256
Sunlu Silk (White)	Esun Magenta			308
Sunlu Silk (White)	Esun Matcha Green			231
Sunlu Silk (White)	Esun Olive Green			202
Sunlu Silk (White)	Esun Orange			349
Sunlu Silk (White)	Esun Peak Green			299
Sunlu Silk (White)	Esun Pine Green			229
Sunlu Silk (White)	Esun Green			211
Sunlu Silk (White)	Esun Pink			232
Sunlu Silk (White)	Esun Purple			282
Sunlu Silk (White)	Esun Red			364
Sunlu Silk (White)	Esun Silver			167
Sunlu Silk (White)	Esun Space Blue			289
Sunlu Silk (White)	Esun Very Perri			240
Sunlu Silk (White)	Esun Warm White			167
Sunlu Silk (White)	Esun Yellow			324
Sunlu Silk (White)	Voxel Ziro Brown			228
Sunlu Silk (White)	Sunlu Gray			167
Sunlu Silk (White)	Sunlu Mint Green			289
Sunlu Silk (White)	Sunlu Silk (Blue)			292
Sunlu Silk (White)	Sunlu Silk (Bronze)			167
Sunlu Silk (White)	Sunlu Silk (Silver)			167
Sunlu Silk (White)	Sunlu Silk (Light Gold)			276
Sunlu Silk (White)	Sunlu Silk (Pink)			233
Sunlu Silk (White)	Sunlu Silk (Purple)			222
Sunlu Silk (White)	Sunlu Silk (Red Copper)			241
Sunlu Silk (White)	Sunlu Silk (Red)			356
Sunlu Silk (White)	Sunlu Silk (Black)			174
Sunlu Silk (White)	Sunlu Silk (Orange)			324
Sunlu Silk (White)	Eryone Silk (RYB)			351
Sunlu Silk (White)	Eryone Silk (RPG)			331
Sunlu Silk (White)	Voxel Silk (Sky Blue)			211
Voxel Silk (Sky Blue)	Esun Baby Pink			459
Voxel Silk (Sky Blue)	Esun Beige			488
Voxel Silk (Sky Blue)	Esun Black			181
Voxel Silk (Sky Blue)	Esun Blue			264
Voxel Silk (Sky Blue)	Esun Bone White			423
Voxel Silk (Sky Blue)	Esun Brown			228
Voxel Silk (Sky Blue)	Esun Cold White			498
Voxel Silk (Sky Blue)	Esun Dark Blue			201
Voxel Silk (Sky Blue)	Esun Fire Engine Red			258
Voxel Silk (Sky Blue)	Esun Gold			464
Voxel Silk (Sky Blue)	Esun Gray			192
Voxel Silk (Sky Blue)	Esun Haze Blue			211
Voxel Silk (Sky Blue)	Esun Jade Green			283
Voxel Silk (Sky Blue)	Esun Light Blue			347
Voxel Silk (Sky Blue)	Esun Light Brown			261
Voxel Silk (Sky Blue)	Esun Magenta			283
Voxel Silk (Sky Blue)	Esun Matcha Green			468
Voxel Silk (Sky Blue)	Esun Olive Green			219
Voxel Silk (Sky Blue)	Esun Orange			450
Voxel Silk (Sky Blue)	Esun Peak Green			455
Voxel Silk (Sky Blue)	Esun Pine Green			198
Voxel Silk (Sky Blue)	Esun Green			167
Voxel Silk (Sky Blue)	Esun Pink			418
Voxel Silk (Sky Blue)	Esun Purple			261
Voxel Silk (Sky Blue)	Esun Red			315
Voxel Silk (Sky Blue)	Esun Silver			286
Voxel Silk (Sky Blue)	Esun Space Blue			360
Voxel Silk (Sky Blue)	Esun Very Perri			266
Voxel Silk (Sky Blue)	Esun Warm White			484
Voxel Silk (Sky Blue)	Esun Yellow			572
Voxel Silk (Sky Blue)	Voxel Ziro Brown			388
Voxel Silk (Sky Blue)	Sunlu Gray			283
Voxel Silk (Sky Blue)	Sunlu Mint Green			221
Voxel Silk (Sky Blue)	Sunlu Silk (Blue)			196
Voxel Silk (Sky Blue)	Sunlu Silk (Bronze)			238
Voxel Silk (Sky Blue)	Sunlu Silk (Silver)			288
Voxel Silk (Sky Blue)	Sunlu Silk (Light Gold)			552
Voxel Silk (Sky Blue)	Sunlu Silk (Pink)			416
Voxel Silk (Sky Blue)	Sunlu Silk (Purple)			361
Voxel Silk (Sky Blue)	Sunlu Silk (Red Copper)			263
Voxel Silk (Sky Blue)	Sunlu Silk (Red)			308
Voxel Silk (Sky Blue)	Sunlu Silk (Black)			190
Voxel Silk (Sky Blue)	Sunlu Silk (Orange)			296
Voxel Silk (Sky Blue)	Sunlu Silk (White)			480
Voxel Silk (Sky Blue)	Eryone Silk (RYB)			315
Voxel Silk (Sky Blue)	Eryone Silk (RPG)			291
Voxel Ziro Brown	Esun Black	TRUE	120	205
Voxel Ziro Brown	Esun Pine Green	TRUE	125	253
Voxel Ziro Brown	Esun Brown	TRUE	135	172
Voxel Ziro Brown	Sunlu Mint Green	TRUE	140	290
Voxel Ziro Brown	Sunlu Gray	TRUE	150	214
Voxel Ziro Brown	Esun Cold White	TRUE	205	444
Voxel Ziro Brown	Esun Baby Pink			337
Voxel Ziro Brown	Esun Beige	TRUE	180	342
Voxel Ziro Brown	Esun Blue		120	310
Voxel Ziro Brown	Esun Bone White	TRUE	140	309
Voxel Ziro Brown	Esun Dark Blue			241
Voxel Ziro Brown	Esun Fire Engine Red			204
Voxel Ziro Brown	Esun Gold			223
Voxel Ziro Brown	Esun Gray			224
Voxel Ziro Brown	Esun Haze Blue			265
Voxel Ziro Brown	Esun Jade Green			302
Voxel Ziro Brown	Esun Light Blue			413
Voxel Ziro Brown	Esun Light Brown	TRUE	110	167
Voxel Ziro Brown	Esun Magenta			261
Voxel Ziro Brown	Esun Matcha Green			340
Voxel Ziro Brown	Esun Olive Green			196
Voxel Ziro Brown	Esun Orange			232
Voxel Ziro Brown	Esun Peak Green			354
Voxel Ziro Brown	Esun Green	TRUE	130	242
Voxel Ziro Brown	Esun Pink			316
Voxel Ziro Brown	Esun Purple			284
Voxel Ziro Brown	Esun Red	TRUE	120	273
Voxel Ziro Brown	Esun Silver	TRUE	165	214
Voxel Ziro Brown	Esun Space Blue			433
Voxel Ziro Brown	Esun Very Perri	TRUE	160	325
Voxel Ziro Brown	Esun Warm White			422
Voxel Ziro Brown	Esun Yellow	TRUE	185	383
Voxel Ziro Brown	Sunlu Silk (Blue)			291
Voxel Ziro Brown	Sunlu Silk (Bronze)			203
Voxel Ziro Brown	Sunlu Silk (Silver)			214
Voxel Ziro Brown	Sunlu Silk (Light Gold)			371
Voxel Ziro Brown	Sunlu Silk (Pink)			314
Voxel Ziro Brown	Sunlu Silk (Purple)			277
Voxel Ziro Brown	Sunlu Silk (Red Copper)			167
Voxel Ziro Brown	Sunlu Silk (Red)			265
Voxel Ziro Brown	Sunlu Silk (Black)			215
Voxel Ziro Brown	Sunlu Silk (Orange)			215
Voxel Ziro Brown	Sunlu Silk (White)			423
Voxel Ziro Brown	Eryone Silk (RYB)			338
Voxel Ziro Brown	Eryone Silk (RPG)			307
Voxel Ziro Brown	Voxel Silk (Sky Blue)			269
